{
  "type": "FeatureCollection",
  "features": [
    {
      "type": "Feature",
      "geometry": {
        "type": "Polygon",
        "coordinates": [
          [
            [
              -70.62341581762824,
              -33.473379739208625
            ],
            [
              -70.62292495569912,
              -33.47521346071745
            ],
            [
              -70.61989638004182,
              -33.486085881778195
            ],
            [
              -70.61848753511376,
              -33.48752624707316
            ],
            [
              -70.61481046205958,
              -33.50388288834768
            ],
            [
              -70.61374654414946,
              -33.5082614493536
            ],
            [
              -70.61359470371362,
              -33.50842747641367
            ],
            [
              -70.61156275766007,
              -33.510388274748024
            ],
            [
              -70.611309546836,
              -33.51266917516948
            ],
            [
              -70.6112656371849,
              -33.5130587044804
            ],
            [
              -70.61501579717059,
              -33.513107534924664
            ],
            [
              -70.61992566691673,
              -33.514328387436436
            ],
            [
              -70.6272524790876,
              -33.51770433691202
            ],
            [
              -70.63609880054472,
              -33.518669266213045
            ],
            [
              -70.6365869801044,
              -33.51872759067601
            ],
            [
              -70.63722333677019,
              -33.51313594518888
            ],
            [
              -70.63860679710498,
              -33.50730094533661
            ],
            [
              -70.63980368364345,
              -33.49531798200614
            ],
            [
              -70.64171493295372,
              -33.48091772163256
            ],
            [
              -70.6419469893512,
              -33.47688226703534
            ],
            [
              -70.64183084796473,
              -33.47687297805736
            ],
            [
              -70.63743018374583,
              -33.47584942129149
            ],
            [
              -70.63462825572967,
              -33.4746603641312
            ],
            [
              -70.62790693860299,
              -33.472357999518756
            ],
            [
              -70.62457883049399,
              -33.469956707249494
            ],
            [
              -70.62451271179414,
              -33.469997801717604
            ],
            [
              -70.62341581762824,
              -33.473379739208625
            ]
          ]
        ]
      },
      "properties": {
        "comuna": "San Joaquín",
        "zona": "Zona Sur",
        "n": 11,
        "cod_comuna": 13129
      }
    },
    {
      "type": "Feature",
      "geometry": {
        "type": "Polygon",
        "coordinates": [
          [
            [
              -70.63659489246542,
              -33.51872853582605
            ],
            [
              -70.63810714426249,
              -33.518680763048756
            ],
            [
              -70.64462137635995,
              -33.51736666431085
            ],
            [
              -70.65807069138405,
              -33.51470499786883
            ],
            [
              -70.67123472033853,
              -33.51069848704746
            ],
            [
              -70.67039329446303,
              -33.508921268319845
            ],
            [
              -70.66608550167147,
              -33.500440260354495
            ],
            [
              -70.66342372161941,
              -33.49448219063007
            ],
            [
              -70.66174788660909,
              -33.49027877873259
            ],
            [
              -70.65506734131824,
              -33.47672474315737
            ],
            [
              -70.65098622221895,
              -33.476948069116936
            ],
            [
              -70.64211373014265,
              -33.476895603689194
            ],
            [
              -70.6419469893512,
              -33.47688226703534
            ],
            [
              -70.64171493295372,
              -33.48091772163256
            ],
            [
              -70.63980368364345,
              -33.49531798200614
            ],
            [
              -70.63860679710498,
              -33.50730094533661
            ],
            [
              -70.63722333677019,
              -33.51313594518888
            ],
            [
              -70.6365869801044,
              -33.51872759067601
            ],
            [
              -70.63659489246542,
              -33.51872853582605
            ]
          ]
        ]
      },
      "properties": {
        "comuna": "San Miguel",
        "zona": "Zona Sur",
        "n": 15,
        "cod_comuna": 13130
      }
    },
    {
      "type": "Feature",
      "geometry": {
        "type": "Polygon",
        "coordinates": [
          [
            [
              -70.63659489246542,
              -33.51872853582605
            ],
            [
              -70.63546225343606,
              -33.52914815623331
            ],
            [
              -70.63460720101602,
              -33.534700469643205
            ],
            [
              -70.63410212145091,
              -33.54266561448711
            ],
            [
              -70.633266489709,
              -33.54757126607127
            ],
            [
              -70.6310197205384,
              -33.55806647353089
            ],
            [
              -70.63207331680591,
              -33.55816576414093
            ],
            [
              -70.64406009908897,
              -33.55656623322207
            ],
            [
              -70.6538206207394,
              -33.55511758013778
            ],
            [
              -70.65470828290253,
              -33.55500002802806
            ],
            [
              -70.65354565451574,
              -33.550019667292204
            ],
            [
              -70.65286194495638,
              -33.547608975600426
            ],
            [
              -70.65098793979776,
              -33.54084436263303
            ],
            [
              -70.65110755856267,
              -33.53978692292569
            ],
            [
              -70.64800256412248,
              -33.52861427356711
            ],
            [
              -70.64770842066417,
              -33.528234842126494
            ],
            [
              -70.64462137635995,
              -33.51736666431085
            ],
            [
              -70.63810714426249,
              -33.518680763048756
            ],
            [
              -70.63659489246542,
              -33.51872853582605
            ]
          ]
        ]
      },
      "properties": {
        "comuna": "San Ramón",
        "zona": "Zona Sur",
        "n": 14,
        "cod_comuna": 13131
      }
    },
    {
      "type": "Feature",
      "geometry": {
        "type": "Polygon",
        "coordinates": [
          [
            [
              -70.6581665910322,
              -33.39914240465658
            ],
            [
              -70.65817540350514,
              -33.40055331921882
            ],
            [
              -70.65721149952718,
              -33.40525400330963
            ],
            [
              -70.6531057369447,
              -33.40647859899401
            ],
            [
              -70.65355840340627,
              -33.409303455154756
            ],
            [
              -70.65348190467328,
              -33.41293160631521
            ],
            [
              -70.65297786805222,
              -33.41293560673804
            ],
            [
              -70.65291143584032,
              -33.417470382527526
            ],
            [
              -70.65011270672488,
              -33.41769969157688
            ],
            [
              -70.6510440539603,
              -33.42335649803601
            ],
            [
              -70.6517213234974,
              -33.43116632602501
            ],
            [
              -70.65160582889796,
              -33.43215089627406
            ],
            [
              -70.6517521617628,
              -33.43211619812469
            ],
            [
              -70.66127665736052,
              -33.429937259400226
            ],
            [
              -70.67138667036882,
              -33.426515008227476
            ],
            [
              -70.67118273123977,
              -33.42595104849611
            ],
            [
              -70.67447613922599,
              -33.422113459910435
            ],
            [
              -70.67712765602593,
              -33.42001238860496
            ],
            [
              -70.67870199129058,
              -33.41733076258092
            ],
            [
              -70.68059878940291,
              -33.40541900687439
            ],
            [
              -70.68193372364435,
              -33.40301778343831
            ],
            [
              -70.67898382513458,
              -33.40218531529497
            ],
            [
              -70.67217675213594,
              -33.39971606822351
            ],
            [
              -70.67190153887562,
              -33.40028789736523
            ],
            [
              -70.66707535079146,
              -33.400136384754106
            ],
            [
              -70.66670443281738,
              -33.398954743962825
            ],
            [
              -70.66446148508001,
              -33.39911633815403
            ],
            [
              -70.66400255736092,
              -33.39915325063523
            ],
            [
              -70.66261042289376,
              -33.39925252705023
            ],
            [
              -70.66021016128552,
              -33.39941759451001
            ],
            [
              -70.65814993626682,
              -33.399078146967604
            ],
            [
              -70.6581665910322,
              -33.39914240465658
            ]
          ]
        ]
      },
      "properties": {
        "comuna": "Independencia",
        "zona": "Zona Norte",
        "n": 28,
        "cod_comuna": 13108
      }
    },
    {
      "type": "Feature",
      "geometry": {
        "type": "Polygon",
        "coordinates": [
          [
            [
              -70.65286194495638,
              -33.547608975600426
            ],
            [
              -70.65319746122341,
              -33.54879198992154
            ],
            [
              -70.65350833490558,
              -33.548761560977496
            ],
            [
              -70.65468824238687,
              -33.54857319162005
            ],
            [
              -70.6567804079038,
              -33.54802340499666
            ],
            [
              -70.66666541000144,
              -33.54636996473571
            ],
            [
              -70.66825037503087,
              -33.54539960201702
            ],
            [
              -70.68538257700564,
              -33.53911835210941
            ],
            [
              -70.68537911759348,
              -33.53911189560608
            ],
            [
              -70.68576432147552,
              -33.538974614492595
            ],
            [
              -70.68273244630618,
              -33.533461768676354
            ],
            [
              -70.6770236059632,
              -33.52314691235707
            ],
            [
              -70.67509669183099,
              -33.519335266075984
            ],
            [
              -70.67133108800894,
              -33.51090202675089
            ],
            [
              -70.67123472033853,
              -33.51069848704746
            ],
            [
              -70.65807069138405,
              -33.51470499786883
            ],
            [
              -70.64462137635995,
              -33.51736666431085
            ],
            [
              -70.64770842066417,
              -33.528234842126494
            ],
            [
              -70.64800256412248,
              -33.52861427356711
            ],
            [
              -70.65110755856267,
              -33.53978692292569
            ],
            [
              -70.65098793979776,
              -33.54084436263303
            ],
            [
              -70.65286194495638,
              -33.547608975600426
            ]
          ]
        ]
      },
      "properties": {
        "comuna": "La Cisterna",
        "zona": "Zona Sur",
        "n": 5,
        "cod_comuna": 13109
      }
    },
    {
      "type": "Feature",
      "geometry": {
        "type": "Polygon",
        "coordinates": [
          [
            [
              -70.59000328246935,
              -33.51015718845208
            ],
            [
              -70.5895341004813,
              -33.5060902674998
            ],
            [
              -70.5872621811777,
              -33.500310805018394
            ],
            [
              -70.58077511054117,
              -33.489989227527886
            ],
            [
              -70.57995944834802,
              -33.485573913964124
            ],
            [
              -70.57681955256238,
              -33.4702656931101
            ],
            [
              -70.57629879829389,
              -33.4688077545343
            ],
            [
              -70.5722503060057,
              -33.45901380172376
            ],
            [
              -70.57213597652118,
              -33.45905762861589
            ],
            [
              -70.56204004999482,
              -33.46252207063033
            ],
            [
              -70.55089882044767,
              -33.46263906421523
            ],
            [
              -70.54417079380416,
              -33.463658660524054
            ],
            [
              -70.542268462968,
              -33.4628688759286
            ],
            [
              -70.54005464849361,
              -33.462994736094025
            ],
            [
              -70.53124606166833,
              -33.46543948287831
            ],
            [
              -70.53056289738633,
              -33.463748409425314
            ],
            [
              -70.52954922045343,
              -33.45914170897637
            ],
            [
              -70.5214015268776,
              -33.459599188196854
            ],
            [
              -70.51820432576338,
              -33.46001125880041
            ],
            [
              -70.51148585629615,
              -33.46034087235437
            ],
            [
              -70.50368471299402,
              -33.46109389876911
            ],
            [
              -70.4937261864853,
              -33.46156679010247
            ],
            [
              -70.48694676363112,
              -33.46175240069225
            ],
            [
              -70.48579304114206,
              -33.46385991046507
            ],
            [
              -70.48354386897807,
              -33.46500154797902
            ],
            [
              -70.47880269565579,
              -33.46912336133559
            ],
            [
              -70.47673800421352,
              -33.47193464642239
            ],
            [
              -70.47504499072002,
              -33.473593976286516
            ],
            [
              -70.47198560105187,
              -33.47543353409341
            ],
            [
              -70.46572594791265,
              -33.47540939448345
            ],
            [
              -70.46112061513269,
              -33.47605385667092
            ],
            [
              -70.45853358120044,
              -33.47808411167104
            ],
            [
              -70.45211236965064,
              -33.482454232022874
            ],
            [
              -70.44997239848924,
              -33.48316777851977
            ],
            [
              -70.44586269679424,
              -33.48541232414771
            ],
            [
              -70.43915293559539,
              -33.486605138610365
            ],
            [
              -70.43904655440448,
              -33.488419758225675
            ],
            [
              -70.43793944819046,
              -33.49015756039304
            ],
            [
              -70.43790149436971,
              -33.492155344372094
            ],
            [
              -70.44130088649146,
              -33.49204063587428
            ],
            [
              -70.44458527000234,
              -33.492678754091585
            ],
            [
              -70.45009804225477,
              -33.495169410846785
            ],
            [
              -70.45078199615588,
              -33.49583784496206
            ],
            [
              -70.45602627813957,
              -33.495663581041214
            ],
            [
              -70.45874132828799,
              -33.494429176963806
            ],
            [
              -70.46199993284516,
              -33.493526596447666
            ],
            [
              -70.46310191866206,
              -33.492386333395054
            ],
            [
              -70.46672996705793,
              -33.49211802869169
            ],
            [
              -70.46749788109877,
              -33.492447008450235
            ],
            [
              -70.46951701807468,
              -33.49516607270483
            ],
            [
              -70.47197805071188,
              -33.494836315185
            ],
            [
              -70.47678529512332,
              -33.49534273110597
            ],
            [
              -70.47855503911511,
              -33.49656161308445
            ],
            [
              -70.48108278334026,
              -33.4975083244869
            ],
            [
              -70.48317683172604,
              -33.49932441682256
            ],
            [
              -70.48435023809961,
              -33.499761321267144
            ],
            [
              -70.48568276305947,
              -33.501624021944615
            ],
            [
              -70.488955566388,
              -33.501547195688374
            ],
            [
              -70.48988310925822,
              -33.500709335546745
            ],
            [
              -70.49172798115384,
              -33.501062883305046
            ],
            [
              -70.49367578560796,
              -33.49957402048597
            ],
            [
              -70.49654109066577,
              -33.49927642957692
            ],
            [
              -70.49920623580688,
              -33.49777881337683
            ],
            [
              -70.50228907150398,
              -33.499695344748815
            ],
            [
              -70.50601658945294,
              -33.499988229167975
            ],
            [
              -70.50998407795699,
              -33.50117991473863
            ],
            [
              -70.5160071103588,
              -33.50193298024663
            ],
            [
              -70.5194195181707,
              -33.5047092752581
            ],
            [
              -70.52213628499962,
              -33.5061789080602
            ],
            [
              -70.52464021219167,
              -33.50828985371879
            ],
            [
              -70.52850344851204,
              -33.508617987052276
            ],
            [
              -70.53779388446922,
              -33.511471425159314
            ],
            [
              -70.54170809389377,
              -33.512531356995034
            ],
            [
              -70.55493119695964,
              -33.51203203943201
            ],
            [
              -70.56470557153004,
              -33.51144775547626
            ],
            [
              -70.56643414034247,
              -33.51163741909684
            ],
            [
              -70.57615805923831,
              -33.51076276993022
            ],
            [
              -70.57992962338227,
              -33.51064216823722
            ],
            [
              -70.58710078895545,
              -33.51004264836548
            ],
            [
              -70.59000328246935,
              -33.51015718845208
            ]
          ]
        ]
      },
      "properties": {
        "comuna": "Peñalolén",
        "zona": "Zona Sur",
        "n": 37,
        "cod_comuna": 13122
      }
    },
    {
      "type": "Feature",
      "geometry": {
        "type": "Polygon",
        "coordinates": [
          [
            [
              -70.58444555672348,
              -33.43178392463329
            ],
            [
              -70.58443375735223,
              -33.431783405103545
            ],
            [
              -70.58274928234555,
              -33.43345008773816
            ],
            [
              -70.58224166144646,
              -33.43377550216332
            ],
            [
              -70.58258741311785,
              -33.43424577846121
            ],
            [
              -70.5826116370878,
              -33.4342730278808
            ],
            [
              -70.5870007867014,
              -33.439208199027185
            ],
            [
              -70.59169769733468,
              -33.44647089008718
            ],
            [
              -70.59279266641092,
              -33.44777184593607
            ],
            [
              -70.59795325505452,
              -33.44483926831401
            ],
            [
              -70.59918310078076,
              -33.444679125668664
            ],
            [
              -70.60876530415233,
              -33.445744295148806
            ],
            [
              -70.6138907902279,
              -33.44683327756632
            ],
            [
              -70.6137443190225,
              -33.44756569035201
            ],
            [
              -70.61843245581042,
              -33.448377147848035
            ],
            [
              -70.61876467076878,
              -33.447265749333546
            ],
            [
              -70.63152659134423,
              -33.44983601240963
            ],
            [
              -70.63285145547131,
              -33.44541262552219
            ],
            [
              -70.63538080318926,
              -33.43642411649854
            ],
            [
              -70.63535444751713,
              -33.43621701488379
            ],
            [
              -70.63537176254422,
              -33.43570274492398
            ],
            [
              -70.6362427447892,
              -33.43076729494175
            ],
            [
              -70.6350493715618,
              -33.42832181511666
            ],
            [
              -70.63437867499765,
              -33.42578740796864
            ],
            [
              -70.63234740178225,
              -33.42159853580656
            ],
            [
              -70.63032367800851,
              -33.42002244545484
            ],
            [
              -70.62711369027451,
              -33.41943752369214
            ],
            [
              -70.62240134568631,
              -33.41625918056548
            ],
            [
              -70.62020396589004,
              -33.41426711267434
            ],
            [
              -70.61676488260579,
              -33.410270621462
            ],
            [
              -70.61454235716809,
              -33.409165537048175
            ],
            [
              -70.60586968903854,
              -33.40927819331865
            ],
            [
              -70.60652766186503,
              -33.4106961202348
            ],
            [
              -70.60787298512274,
              -33.41548403657601
            ],
            [
              -70.60466884362461,
              -33.4170571643298
            ],
            [
              -70.60256780275269,
              -33.41737289872397
            ],
            [
              -70.59788169436068,
              -33.42077056445218
            ],
            [
              -70.58742029005761,
              -33.42893943171659
            ],
            [
              -70.58444555672348,
              -33.43178392463329
            ]
          ]
        ]
      },
      "properties": {
        "comuna": "Providencia",
        "zona": "Zona Oriente",
        "n": 17,
        "cod_comuna": 13123
      }
    },
    {
      "type": "Feature",
      "geometry": {
        "type": "Polygon",
        "coordinates": [
          [
            [
              -70.48694676363112,
              -33.46175240069225
            ],
            [
              -70.4937261864853,
              -33.46156679010247
            ],
            [
              -70.50368471299402,
              -33.46109389876911
            ],
            [
              -70.51148585629615,
              -33.46034087235437
            ],
            [
              -70.51820432576338,
              -33.46001125880041
            ],
            [
              -70.5214015268776,
              -33.459599188196854
            ],
            [
              -70.52954922045343,
              -33.45914170897637
            ],
            [
              -70.53056289738633,
              -33.463748409425314
            ],
            [
              -70.53124606166833,
              -33.46543948287831
            ],
            [
              -70.54005464849361,
              -33.462994736094025
            ],
            [
              -70.542268462968,
              -33.4628688759286
            ],
            [
              -70.54417079380416,
              -33.463658660524054
            ],
            [
              -70.55089882044767,
              -33.46263906421523
            ],
            [
              -70.56204004999482,
              -33.46252207063033
            ],
            [
              -70.57213597652118,
              -33.45905762861589
            ],
            [
              -70.57225756079995,
              -33.45901101977696
            ],
            [
              -70.57081066233812,
              -33.453509013206514
            ],
            [
              -70.57230954989869,
              -33.44390315381147
            ],
            [
              -70.57360799996319,
              -33.43793597547076
            ],
            [
              -70.57583083621797,
              -33.43675243286954
            ],
            [
              -70.57874542644551,
              -33.435752569534834
            ],
            [
              -70.58180627857097,
              -33.43405460497685
            ],
            [
              -70.58274928234555,
              -33.43345008773816
            ],
            [
              -70.58443375735223,
              -33.431783405103545
            ],
            [
              -70.58443758058208,
              -33.43178357378205
            ],
            [
              -70.57860025510233,
              -33.431351910966185
            ],
            [
              -70.56507574839402,
              -33.430939408817714
            ],
            [
              -70.55407522196981,
              -33.43042813034813
            ],
            [
              -70.54691934482446,
              -33.429872522194394
            ],
            [
              -70.53908126818773,
              -33.42892544293759
            ],
            [
              -70.53875763483526,
              -33.431660849225615
            ],
            [
              -70.53793385277027,
              -33.433433015552374
            ],
            [
              -70.5230285025196,
              -33.431611603270326
            ],
            [
              -70.51949041860281,
              -33.43316939068096
            ],
            [
              -70.51695673202205,
              -33.43470720176158
            ],
            [
              -70.51502492207155,
              -33.435377506397174
            ],
            [
              -70.50947819709464,
              -33.43570735301198
            ],
            [
              -70.5045550673166,
              -33.43819324776744
            ],
            [
              -70.50289717256084,
              -33.439557520323156
            ],
            [
              -70.50049567576909,
              -33.44316001803701
            ],
            [
              -70.49621545047695,
              -33.44668682394936
            ],
            [
              -70.49635739596995,
              -33.45038973061009
            ],
            [
              -70.49281620747554,
              -33.453710833088586
            ],
            [
              -70.48968253252325,
              -33.45571557622695
            ],
            [
              -70.48878663730052,
              -33.458217930467384
            ],
            [
              -70.48782645234782,
              -33.45924574772364
            ],
            [
              -70.48694676363112,
              -33.46175240069225
            ]
          ]
        ]
      },
      "properties": {
        "comuna": "La Reina",
        "zona": "Zona Oriente",
        "n": 40,
        "cod_comuna": 13113
      }
    },
    {
      "type": "Feature",
      "geometry": {
        "type": "Polygon",
        "coordinates": [
          [
            [
              -70.79195048901694,
              -33.173035305732206
            ],
            [
              -70.79019191198246,
              -33.17233852339234
            ],
            [
              -70.78558206516817,
              -33.17152706214059
            ],
            [
              -70.78196905277355,
              -33.17197224049732
            ],
            [
              -70.77605043515048,
              -33.17365881175176
            ],
            [
              -70.77409502196589,
              -33.175416784561534
            ],
            [
              -70.77000956669872,
              -33.17477782984041
            ],
            [
              -70.76434105172883,
              -33.179049150426906
            ],
            [
              -70.76335446169671,
              -33.179330868905424
            ],
            [
              -70.7598008495019,
              -33.17852040320016
            ],
            [
              -70.75645615939108,
              -33.17960003203334
            ],
            [
              -70.75447195699824,
              -33.178838547985585
            ],
            [
              -70.75199006188689,
              -33.17598772672006
            ],
            [
              -70.75139131139383,
              -33.17445363558441
            ],
            [
              -70.74565660855382,
              -33.17170322387526
            ],
            [
              -70.74526002301711,
              -33.1699507589532
            ],
            [
              -70.7436673351712,
              -33.169004228784985
            ],
            [
              -70.74134872413408,
              -33.16912755581196
            ],
            [
              -70.73944853308494,
              -33.168575944407024
            ],
            [
              -70.73573598645852,
              -33.16662652504132
            ],
            [
              -70.73438192708468,
              -33.164398727295314
            ],
            [
              -70.7342113828263,
              -33.1629645947373
            ],
            [
              -70.73492069167634,
              -33.16044104270336
            ],
            [
              -70.73872277518376,
              -33.1583929657648
            ],
            [
              -70.73924304436201,
              -33.15591185082803
            ],
            [
              -70.74034811679026,
              -33.15422067917615
            ],
            [
              -70.7419802263041,
              -33.15280131577962
            ],
            [
              -70.74244517902379,
              -33.14851933960408
            ],
            [
              -70.74368277721095,
              -33.14774999887348
            ],
            [
              -70.744208382382,
              -33.14554812564471
            ],
            [
              -70.74892560661881,
              -33.14424500392423
            ],
            [
              -70.75292930082207,
              -33.14161128625296
            ],
            [
              -70.75497211649056,
              -33.13825469827296
            ],
            [
              -70.75402756402045,
              -33.1360734949085
            ],
            [
              -70.7542162623324,
              -33.13363695804164
            ],
            [
              -70.75923525852095,
              -33.12610480377048
            ],
            [
              -70.75917708811471,
              -33.12319285915996
            ],
            [
              -70.75646135434836,
              -33.12015890669346
            ],
            [
              -70.75428848418629,
              -33.118194484811504
            ],
            [
              -70.75443999044887,
              -33.11627709868789
            ],
            [
              -70.75714991301363,
              -33.11079916127972
            ],
            [
              -70.75771685595912,
              -33.10743267560691
            ],
            [
              -70.75975559686948,
              -33.10410687732858
            ],
            [
              -70.7585130067443,
              -33.100433616785466
            ],
            [
              -70.75429912473085,
              -33.09339302493559
            ],
            [
              -70.74927675447012,
              -33.083032669097165
            ],
            [
              -70.74803815735638,
              -33.07997457106076
            ],
            [
              -70.74692383497566,
              -33.07260706432894
            ],
            [
              -70.74696317399858,
              -33.068910660997496
            ],
            [
              -70.74808551024994,
              -33.06793374944766
            ],
            [
              -70.75044124416618,
              -33.067161231292815
            ],
            [
              -70.75163521117997,
              -33.065369863443486
            ],
            [
              -70.7531904311937,
              -33.06409100882372
            ],
            [
              -70.75972748319435,
              -33.06163276346123
            ],
            [
              -70.76353998446413,
              -33.059064985934874
            ],
            [
              -70.76413383644395,
              -33.05802137910982
            ],
            [
              -70.76689038875848,
              -33.05535746918923
            ],
            [
              -70.7660620297771,
              -33.05344669961299
            ],
            [
              -70.76564306091848,
              -33.05005134511161
            ],
            [
              -70.76482207171571,
              -33.04851022889365
            ],
            [
              -70.76119247013273,
              -33.04700880211544
            ],
            [
              -70.7594659755303,
              -33.044075451795486
            ],
            [
              -70.75968815944279,
              -33.04200197246918
            ],
            [
              -70.76068832122223,
              -33.039326028316516
            ],
            [
              -70.76230147358864,
              -33.036567388734156
            ],
            [
              -70.76146449257718,
              -33.034213048120165
            ],
            [
              -70.758036205246,
              -33.03221175099552
            ],
            [
              -70.75641865562628,
              -33.02962944158833
            ],
            [
              -70.75610695369741,
              -33.02807354900358
            ],
            [
              -70.75377447536724,
              -33.02628225281378
            ],
            [
              -70.7530649176839,
              -33.02495159035974
            ],
            [
              -70.75352932512622,
              -33.02334111881454
            ],
            [
              -70.75613366240745,
              -33.02147476278318
            ],
            [
              -70.75706123582036,
              -33.02028094620669
            ],
            [
              -70.75542189846173,
              -33.01615260077982
            ],
            [
              -70.75403166393141,
              -33.01488441327225
            ],
            [
              -70.75094229658389,
              -33.01302220053145
            ],
            [
              -70.7502054840148,
              -33.012163626603
            ],
            [
              -70.75211942467769,
              -33.0090799543919
            ],
            [
              -70.75392034020983,
              -33.00713656536757
            ],
            [
              -70.75784808814403,
              -33.00588280801143
            ],
            [
              -70.75895328992965,
              -33.005023961929524
            ],
            [
              -70.75976560500006,
              -33.00220002306157
            ],
            [
              -70.75903337383893,
              -32.999323458729876
            ],
            [
              -70.7599071534377,
              -32.99519953283037
            ],
            [
              -70.76165050223148,
              -32.99110078869487
            ],
            [
              -70.7634141825951,
              -32.9887283256547
            ],
            [
              -70.76679878844728,
              -32.987382677591974
            ],
            [
              -70.77041402237559,
              -32.98371027044923
            ],
            [
              -70.76686362525122,
              -32.9815606245987
            ],
            [
              -70.76107520675048,
              -32.98003048237689
            ],
            [
              -70.76006602319065,
              -32.97772108667111
            ],
            [
              -70.75390277904434,
              -32.974402868761345
            ],
            [
              -70.75151171169304,
              -32.97071297536579
            ],
            [
              -70.74983263645952,
              -32.968655508104895
            ],
            [
              -70.74727741995632,
              -32.967014186727425
            ],
            [
              -70.74348058710174,
              -32.96655127104477
            ],
            [
              -70.74201260697683,
              -32.96694714907285
            ],
            [
              -70.73985366878651,
              -32.966652689408896
            ],
            [
              -70.73811634229838,
              -32.96581394891487
            ],
            [
              -70.73401280304623,
              -32.962123732899165
            ],
            [
              -70.73149203423925,
              -32.9611500046029
            ],
            [
              -70.72828840837411,
              -32.95931934148238
            ],
            [
              -70.72549971344039,
              -32.95706151373634
            ],
            [
              -70.72460247882955,
              -32.95519723810131
            ],
            [
              -70.72244279863082,
              -32.95356898762884
            ],
            [
              -70.71999916995391,
              -32.95302985804977
            ],
            [
              -70.71907516914088,
              -32.95407441306338
            ],
            [
              -70.71698360190193,
              -32.954457078219406
            ],
            [
              -70.71356953041011,
              -32.95591961721198
            ],
            [
              -70.71200750026821,
              -32.957639805548865
            ],
            [
              -70.71025027160496,
              -32.95794699668485
            ],
            [
              -70.70778110831613,
              -32.960529047663705
            ],
            [
              -70.70641491629604,
              -32.95934440778236
            ],
            [
              -70.70354193513415,
              -32.95839265145084
            ],
            [
              -70.69834442842733,
              -32.958817334867746
            ],
            [
              -70.69733315179286,
              -32.95861874622405
            ],
            [
              -70.6945158491106,
              -32.9561795879755
            ],
            [
              -70.69181499953018,
              -32.955437632546946
            ],
            [
              -70.69005225251615,
              -32.955461424568
            ],
            [
              -70.68688619239956,
              -32.956742937750725
            ],
            [
              -70.68448149311382,
              -32.95833261181814
            ],
            [
              -70.68214052660254,
              -32.95885969290013
            ],
            [
              -70.67669647816427,
              -32.95956998984133
            ],
            [
              -70.67401166710496,
              -32.95967671271366
            ],
            [
              -70.66987187903447,
              -32.9583165449628
            ],
            [
              -70.66814910525395,
              -32.956003697594525
            ],
            [
              -70.6640241609452,
              -32.955421634512206
            ],
            [
              -70.65955129553365,
              -32.95364080313174
            ],
            [
              -70.65867453981636,
              -32.95393224353679
            ],
            [
              -70.65314897016437,
              -32.95425094121386
            ],
            [
              -70.64887876108766,
              -32.95260460861143
            ],
            [
              -70.64677482764051,
              -32.95296986377015
            ],
            [
              -70.64421499200014,
              -32.952297931840526
            ],
            [
              -70.64364995707633,
              -32.95126214144747
            ],
            [
              -70.64167680485983,
              -32.95082794708494
            ],
            [
              -70.63666621869898,
              -32.947488059303836
            ],
            [
              -70.63373734795337,
              -32.94751103328849
            ],
            [
              -70.63001268125713,
              -32.94878696808458
            ],
            [
              -70.62681900872535,
              -32.949258161095734
            ],
            [
              -70.62386323613192,
              -32.94880566753015
            ],
            [
              -70.62253323004813,
              -32.94771839516648
            ],
            [
              -70.61928692522382,
              -32.948297430328914
            ],
            [
              -70.61593533156002,
              -32.950089730135595
            ],
            [
              -70.61504873210386,
              -32.95135913669143
            ],
            [
              -70.6136325712961,
              -32.95153082104267
            ],
            [
              -70.61160116782499,
              -32.94787528578625
            ],
            [
              -70.61146306352816,
              -32.946281626493516
            ],
            [
              -70.60964042313918,
              -32.94409600738143
            ],
            [
              -70.60759448313014,
              -32.94263426260007
            ],
            [
              -70.60383960968416,
              -32.942253041213874
            ],
            [
              -70.60147676470415,
              -32.94440034471702
            ],
            [
              -70.60031101646835,
              -32.94432329892566
            ],
            [
              -70.5956962747341,
              -32.94671417794233
            ],
            [
              -70.59429202109543,
              -32.9485576293073
            ],
            [
              -70.59591434436257,
              -32.95175853821564
            ],
            [
              -70.59760998812321,
              -32.95296407012518
            ],
            [
              -70.59709569723316,
              -32.95471947366313
            ],
            [
              -70.59192050198304,
              -32.959372538771255
            ],
            [
              -70.59177317108991,
              -32.96130728743516
            ],
            [
              -70.59273210019782,
              -32.96302859340606
            ],
            [
              -70.5913035390459,
              -32.96455026324862
            ],
            [
              -70.59174507538108,
              -32.96684574235182
            ],
            [
              -70.59308373852926,
              -32.96842411289912
            ],
            [
              -70.59227431962735,
              -32.96996848160092
            ],
            [
              -70.58981905237762,
              -32.97107366399522
            ],
            [
              -70.58644991551465,
              -32.97400056192086
            ],
            [
              -70.58362831888533,
              -32.97498748435488
            ],
            [
              -70.57823980789121,
              -32.97901366115755
            ],
            [
              -70.57714166506707,
              -32.981742910687636
            ],
            [
              -70.57315736998237,
              -32.986978336661934
            ],
            [
              -70.57153517337768,
              -32.98788862313293
            ],
            [
              -70.56731468156038,
              -32.98906146490965
            ],
            [
              -70.56497743766764,
              -32.990716968974525
            ],
            [
              -70.56497454778736,
              -32.99261928955702
            ],
            [
              -70.56171506916944,
              -32.995666958283614
            ],
            [
              -70.55967654205811,
              -32.99672024451862
            ],
            [
              -70.55763455733128,
              -32.99861729221576
            ],
            [
              -70.5578669766481,
              -33.0035541841695
            ],
            [
              -70.55618242887788,
              -33.004050788800456
            ],
            [
              -70.5543683584167,
              -33.00649722574203
            ],
            [
              -70.55150897146001,
              -33.00748391142233
            ],
            [
              -70.54977221360545,
              -33.0102054993495
            ],
            [
              -70.54980012066805,
              -33.01180067122935
            ],
            [
              -70.54694718361512,
              -33.01421387065255
            ],
            [
              -70.54781995440581,
              -33.01622797949153
            ],
            [
              -70.54686860707889,
              -33.0180500018948
            ],
            [
              -70.54746426916402,
              -33.01983747179969
            ],
            [
              -70.54968866399582,
              -33.022080382945745
            ],
            [
              -70.54995694585543,
              -33.02595822887221
            ],
            [
              -70.55135263944774,
              -33.02870227928707
            ],
            [
              -70.55266303351226,
              -33.03026856303202
            ],
            [
              -70.55347261950081,
              -33.03327817478994
            ],
            [
              -70.55313524911102,
              -33.03481641787264
            ],
            [
              -70.55098739253805,
              -33.03696019720334
            ],
            [
              -70.5498617244353,
              -33.03924462533567
            ],
            [
              -70.54688919556689,
              -33.04007917006465
            ],
            [
              -70.54470670085487,
              -33.040259671759166
            ],
            [
              -70.5432161469652,
              -33.04251790010271
            ],
            [
              -70.54003057184738,
              -33.0447202861964
            ],
            [
              -70.53749169569922,
              -33.04536528530201
            ],
            [
              -70.5355975530069,
              -33.04747494319101
            ],
            [
              -70.53378592955656,
              -33.048049514754176
            ],
            [
              -70.53080042901544,
              -33.050264576418776
            ],
            [
              -70.5292062346948,
              -33.050775016292775
            ],
            [
              -70.52721252183805,
              -33.05241025669699
            ],
            [
              -70.52690635712459,
              -33.05367194777501
            ],
            [
              -70.52755689010391,
              -33.05547420219892
            ],
            [
              -70.52709510304726,
              -33.05827184349701
            ],
            [
              -70.52555259599144,
              -33.06072998923468
            ],
            [
              -70.52514141911959,
              -33.06435545877631
            ],
            [
              -70.52413993232508,
              -33.06544152698816
            ],
            [
              -70.52340982657793,
              -33.068533903312826
            ],
            [
              -70.51929497214644,
              -33.0739994767873
            ],
            [
              -70.51968782697976,
              -33.075651525106075
            ],
            [
              -70.51915490772566,
              -33.078572721494766
            ],
            [
              -70.51596218201819,
              -33.08046783584803
            ],
            [
              -70.51472531955125,
              -33.08272264762119
            ],
            [
              -70.51284315589324,
              -33.08348182643617
            ],
            [
              -70.51141852756561,
              -33.086490575387344
            ],
            [
              -70.50913201692686,
              -33.089187615105175
            ],
            [
              -70.50738224697542,
              -33.08917805296474
            ],
            [
              -70.50579861594419,
              -33.088215430242506
            ],
            [
              -70.5021322328419,
              -33.08694032997862
            ],
            [
              -70.50053034175589,
              -33.08705160881529
            ],
            [
              -70.49760375542606,
              -33.08641187814528
            ],
            [
              -70.49493661333007,
              -33.084955876143916
            ],
            [
              -70.48939030786639,
              -33.08241424558547
            ],
            [
              -70.4838563793907,
              -33.081667222571355
            ],
            [
              -70.48227964203096,
              -33.08110296260415
            ],
            [
              -70.48021498741961,
              -33.07859623191488
            ],
            [
              -70.47837879504625,
              -33.07558057519805
            ],
            [
              -70.47818123665067,
              -33.07248399990072
            ],
            [
              -70.47762852840917,
              -33.071033261152465
            ],
            [
              -70.47765886990621,
              -33.06848626505755
            ],
            [
              -70.47669317378926,
              -33.06739313839064
            ],
            [
              -70.47350357960886,
              -33.066234318748776
            ],
            [
              -70.46871421885808,
              -33.065278314520356
            ],
            [
              -70.4658872053876,
              -33.062903026857754
            ],
            [
              -70.46467727261627,
              -33.06024794983745
            ],
            [
              -70.4645653380403,
              -33.05788673733297
            ],
            [
              -70.4622875949587,
              -33.053449220435574
            ],
            [
              -70.4610257898696,
              -33.05205259311256
            ],
            [
              -70.4602132097962,
              -33.049178026543245
            ],
            [
              -70.45735713402964,
              -33.04499262033065
            ],
            [
              -70.45426183151304,
              -33.042850331667
            ],
            [
              -70.45249908809224,
              -33.03977199591209
            ],
            [
              -70.45114232658602,
              -33.03811562630453
            ],
            [
              -70.44787730446447,
              -33.036711481089405
            ],
            [
              -70.44664935957337,
              -33.03513025683349
            ],
            [
              -70.44575365389515,
              -33.03270140418697
            ],
            [
              -70.44319123110677,
              -33.02969351398286
            ],
            [
              -70.44010529083205,
              -33.02807230103275
            ],
            [
              -70.43862168990266,
              -33.02643261702165
            ],
            [
              -70.4375866213879,
              -33.024373473552934
            ],
            [
              -70.43469753343295,
              -33.02139989697249
            ],
            [
              -70.42715190243865,
              -33.0209955341781
            ],
            [
              -70.42466618050418,
              -33.021560865617644
            ],
            [
              -70.4234296037015,
              -33.023937461966234
            ],
            [
              -70.42320288060189,
              -33.02568898716652
            ],
            [
              -70.42158874727521,
              -33.02497097337934
            ],
            [
              -70.41656487323468,
              -33.02512017390774
            ],
            [
              -70.40695028919038,
              -33.02977003793378
            ],
            [
              -70.40525712477995,
              -33.030955033413115
            ],
            [
              -70.40211063086856,
              -33.03237113417169
            ],
            [
              -70.39948111650487,
              -33.034241590541306
            ],
            [
              -70.39901588710404,
              -33.035918986033984
            ],
            [
              -70.39882978582158,
              -33.04027795196399
            ],
            [
              -70.39925129242089,
              -33.041592597115674
            ],
            [
              -70.40125899743649,
              -33.04299686107131
            ],
            [
              -70.39935226755038,
              -33.04452168600821
            ],
            [
              -70.39817547542653,
              -33.04613036387184
            ],
            [
              -70.39755422393222,
              -33.048315764322744
            ],
            [
              -70.39655130432483,
              -33.049400848266096
            ],
            [
              -70.39670467099836,
              -33.05104064245723
            ],
            [
              -70.40175882095889,
              -33.055003299834446
            ],
            [
              -70.40219552884943,
              -33.05726895772699
            ],
            [
              -70.40481524439,
              -33.06047638407638
            ],
            [
              -70.40694983733779,
              -33.06410349999118
            ],
            [
              -70.4065973492001,
              -33.065994501660256
            ],
            [
              -70.40456491985294,
              -33.06650830428251
            ],
            [
              -70.40331065522231,
              -33.0678417929098
            ],
            [
              -70.40088905593112,
              -33.06909625500412
            ],
            [
              -70.3960554279998,
              -33.072218697393886
            ],
            [
              -70.39485198555639,
              -33.07332145519669
            ],
            [
              -70.39470460525592,
              -33.07553219554045
            ],
            [
              -70.39551001767167,
              -33.078069854880965
            ],
            [
              -70.39470770624028,
              -33.08034924820734
            ],
            [
              -70.39336681077862,
              -33.08082454545966
            ],
            [
              -70.39137477148326,
              -33.08046325790998
            ],
            [
              -70.3885250432125,
              -33.082335951899076
            ],
            [
              -70.38641968773224,
              -33.082881013576156
            ],
            [
              -70.38596092979476,
              -33.08383723900971
            ],
            [
              -70.38857476855672,
              -33.08897811104251
            ],
            [
              -70.38695557951162,
              -33.09031542934407
            ],
            [
              -70.38504005242396,
              -33.093681136283486
            ],
            [
              -70.38224541423631,
              -33.09444857265728
            ],
            [
              -70.38046934610493,
              -33.09626314682057
            ],
            [
              -70.3801255671339,
              -33.097586246140274
            ],
            [
              -70.37764376904057,
              -33.09973080720593
            ],
            [
              -70.37717473168128,
              -33.10237472106312
            ],
            [
              -70.37506227501869,
              -33.10367130872236
            ],
            [
              -70.37357316651831,
              -33.10572577589168
            ],
            [
              -70.37685163102978,
              -33.1083261087708
            ],
            [
              -70.37822870793615,
              -33.10899424781393
            ],
            [
              -70.38136549105931,
              -33.10890365778251
            ],
            [
              -70.3828740651536,
              -33.10942805863679
            ],
            [
              -70.38420249918565,
              -33.111026732870855
            ],
            [
              -70.38425510273204,
              -33.11237092701196
            ],
            [
              -70.3863747045944,
              -33.11529159718373
            ],
            [
              -70.38991539452381,
              -33.11687318174733
            ],
            [
              -70.39114892513935,
              -33.11795032296226
            ],
            [
              -70.39346788562112,
              -33.11824344214532
            ],
            [
              -70.39522598834515,
              -33.11985794748411
            ],
            [
              -70.39795693058925,
              -33.12166610080895
            ],
            [
              -70.39998033276613,
              -33.12174098141677
            ],
            [
              -70.40331413888899,
              -33.12258934974001
            ],
            [
              -70.40689709994241,
              -33.1222038255015
            ],
            [
              -70.41074679595653,
              -33.122593624547456
            ],
            [
              -70.41255905541408,
              -33.1231784985523
            ],
            [
              -70.41441153604016,
              -33.1229900589948
            ],
            [
              -70.41786870690268,
              -33.123838185037684
            ],
            [
              -70.42093066665088,
              -33.12638318883836
            ],
            [
              -70.42183663558122,
              -33.127862431364655
            ],
            [
              -70.42530748419225,
              -33.12845403413114
            ],
            [
              -70.4283405882569,
              -33.13037626084051
            ],
            [
              -70.43044341497964,
              -33.13365593047112
            ],
            [
              -70.430563325697,
              -33.13490348828402
            ],
            [
              -70.4328259761835,
              -33.136279355744726
            ],
            [
              -70.43392676544447,
              -33.137558400803464
            ],
            [
              -70.4364912902906,
              -33.14380077693044
            ],
            [
              -70.43789060409352,
              -33.14524841478579
            ],
            [
              -70.4411778972476,
              -33.14702204728376
            ],
            [
              -70.44124183932952,
              -33.149353003313564
            ],
            [
              -70.44339296038022,
              -33.15408013730936
            ],
            [
              -70.44501978061369,
              -33.15708547218324
            ],
            [
              -70.44482463958451,
              -33.15966368617812
            ],
            [
              -70.44842457520355,
              -33.16253412562297
            ],
            [
              -70.45052299568981,
              -33.1635478325952
            ],
            [
              -70.4519470580788,
              -33.165716925948786
            ],
            [
              -70.45406999718242,
              -33.16744761761342
            ],
            [
              -70.45505432435836,
              -33.169812352232604
            ],
            [
              -70.45354987712449,
              -33.171563450671435
            ],
            [
              -70.45555584300169,
              -33.17319078545741
            ],
            [
              -70.46227236222643,
              -33.17762064244579
            ],
            [
              -70.46219225585928,
              -33.179171650562765
            ],
            [
              -70.46006892778514,
              -33.181003902994455
            ],
            [
              -70.45951190583366,
              -33.182271695088545
            ],
            [
              -70.45995466028438,
              -33.18559848040024
            ],
            [
              -70.45942111580284,
              -33.188781486676376
            ],
            [
              -70.4615206412169,
              -33.19097969199384
            ],
            [
              -70.4653389222472,
              -33.193236097962505
            ],
            [
              -70.46726293841431,
              -33.19527010495654
            ],
            [
              -70.46769488343722,
              -33.19642548984446
            ],
            [
              -70.46781162220333,
              -33.20129875191551
            ],
            [
              -70.46524766599076,
              -33.20213303594659
            ],
            [
              -70.46500513793204,
              -33.20326378665045
            ],
            [
              -70.46630711747729,
              -33.205428286832124
            ],
            [
              -70.46855965383199,
              -33.2070598705888
            ],
            [
              -70.47008618524882,
              -33.209651452402724
            ],
            [
              -70.469939818248,
              -33.21248828035293
            ],
            [
              -70.47041747404413,
              -33.21395156997961
            ],
            [
              -70.47055650630064,
              -33.21721317183549
            ],
            [
              -70.47320129112586,
              -33.21958424355564
            ],
            [
              -70.47459203589928,
              -33.220049331566045
            ],
            [
              -70.47878713953003,
              -33.21859864767309
            ],
            [
              -70.48330807109747,
              -33.217983909423005
            ],
            [
              -70.49039101851649,
              -33.218962049683356
            ],
            [
              -70.49276073830337,
              -33.218327358857145
            ],
            [
              -70.49466102008236,
              -33.21844580446615
            ],
            [
              -70.49923600328046,
              -33.22036842869933
            ],
            [
              -70.50125661529006,
              -33.22054524070498
            ],
            [
              -70.50417329679557,
              -33.2200337633663
            ],
            [
              -70.5068017897748,
              -33.219146989898285
            ],
            [
              -70.50920072097809,
              -33.2191301725219
            ],
            [
              -70.51302072857038,
              -33.220196136637426
            ],
            [
              -70.51393770006632,
              -33.222711150884166
            ],
            [
              -70.5131151513882,
              -33.225577729528624
            ],
            [
              -70.51474735342853,
              -33.228532936739576
            ],
            [
              -70.51564090045513,
              -33.23151108827135
            ],
            [
              -70.51807895239074,
              -33.233148568795514
            ],
            [
              -70.5197589295328,
              -33.23517309690752
            ],
            [
              -70.52166032162948,
              -33.236484888999925
            ],
            [
              -70.52214963665969,
              -33.23774116867702
            ],
            [
              -70.52491115845439,
              -33.23908397372741
            ],
            [
              -70.52876831318031,
              -33.23943018413458
            ],
            [
              -70.53271392321562,
              -33.23926141283701
            ],
            [
              -70.53710066175097,
              -33.240090373880605
            ],
            [
              -70.53911018675335,
              -33.23928414991347
            ],
            [
              -70.54337799642994,
              -33.23881582069452
            ],
            [
              -70.54470011261058,
              -33.240394872415
            ],
            [
              -70.54628483958645,
              -33.24113187036361
            ],
            [
              -70.54908521172055,
              -33.24128637417421
            ],
            [
              -70.55129605097473,
              -33.241991641735204
            ],
            [
              -70.55681760875063,
              -33.24140561890477
            ],
            [
              -70.55829179892912,
              -33.24187728137404
            ],
            [
              -70.55888927920435,
              -33.24362838354552
            ],
            [
              -70.56061893318166,
              -33.24521278767614
            ],
            [
              -70.5619521166066,
              -33.24845855772803
            ],
            [
              -70.55986455315889,
              -33.25147842056951
            ],
            [
              -70.56128291214412,
              -33.253047136598646
            ],
            [
              -70.56276260450372,
              -33.25341531444822
            ],
            [
              -70.56413177084569,
              -33.25472558804413
            ],
            [
              -70.56614508134867,
              -33.25563535329948
            ],
            [
              -70.56812729666808,
              -33.257174570711165
            ],
            [
              -70.56827875711656,
              -33.25918894018948
            ],
            [
              -70.56957133579236,
              -33.26185664010086
            ],
            [
              -70.57332246506023,
              -33.26505354230218
            ],
            [
              -70.57383603729807,
              -33.26640518887546
            ],
            [
              -70.5732099861052,
              -33.27042335072812
            ],
            [
              -70.57329145072505,
              -33.271939752485906
            ],
            [
              -70.57193985363341,
              -33.273576166907326
            ],
            [
              -70.5728284868754,
              -33.27587361688317
            ],
            [
              -70.57076390862083,
              -33.277980127409656
            ],
            [
              -70.57161201706373,
              -33.28107785284233
            ],
            [
              -70.57295657855006,
              -33.282724924930285
            ],
            [
              -70.57313784509968,
              -33.284375556994675
            ],
            [
              -70.57445568709622,
              -33.28655318837242
            ],
            [
              -70.57452078890316,
              -33.289442857945005
            ],
            [
              -70.57624904330522,
              -33.29083782393238
            ],
            [
              -70.57923990050038,
              -33.29236330293694
            ],
            [
              -70.58118880359412,
              -33.292522775589596
            ],
            [
              -70.58335683812501,
              -33.29357751262579
            ],
            [
              -70.58568481679391,
              -33.29566035313427
            ],
            [
              -70.58757001855422,
              -33.29603826183458
            ],
            [
              -70.59238353769791,
              -33.29918682516598
            ],
            [
              -70.59272168513043,
              -33.300888008783154
            ],
            [
              -70.59107049001007,
              -33.30215818009229
            ],
            [
              -70.5915574325896,
              -33.30404489443027
            ],
            [
              -70.5938779238006,
              -33.30523541904467
            ],
            [
              -70.59570071420823,
              -33.30685422099956
            ],
            [
              -70.59620369351222,
              -33.3084260540249
            ],
            [
              -70.597250839876,
              -33.30864346904141
            ],
            [
              -70.6000591108964,
              -33.30749987254858
            ],
            [
              -70.60171163552339,
              -33.30831075813347
            ],
            [
              -70.60290277553896,
              -33.309866520977344
            ],
            [
              -70.60455519416475,
              -33.31067729521694
            ],
            [
              -70.60360369502257,
              -33.312783257603556
            ],
            [
              -70.60206929885544,
              -33.31383692763016
            ],
            [
              -70.60028687155015,
              -33.316661051308294
            ],
            [
              -70.60022662244235,
              -33.321014815244055
            ],
            [
              -70.59720071657807,
              -33.32752000384092
            ],
            [
              -70.59560401865274,
              -33.328751562106994
            ],
            [
              -70.59540874018131,
              -33.330523930294504
            ],
            [
              -70.59407416975756,
              -33.33180980280835
            ],
            [
              -70.59367338998682,
              -33.33450275872875
            ],
            [
              -70.5941985855261,
              -33.33563398376286
            ],
            [
              -70.59609340285323,
              -33.33705878995557
            ],
            [
              -70.5983440213048,
              -33.33844345029139
            ],
            [
              -70.60152216196533,
              -33.33838055867058
            ],
            [
              -70.60584734344586,
              -33.339732173288475
            ],
            [
              -70.60786595850057,
              -33.33958296795824
            ],
            [
              -70.61399323410289,
              -33.34086750600292
            ],
            [
              -70.61669636450581,
              -33.34185046905192
            ],
            [
              -70.61952745812431,
              -33.34239648037899
            ],
            [
              -70.6210751466627,
              -33.34214038703684
            ],
            [
              -70.62410728324178,
              -33.340778918634456
            ],
            [
              -70.63156981198748,
              -33.34077638730818
            ],
            [
              -70.63286242300263,
              -33.34033540407885
            ],
            [
              -70.63556959582432,
              -33.341228062409336
            ],
            [
              -70.63851016353323,
              -33.34275500724122
            ],
            [
              -70.64511713320906,
              -33.341874627044696
            ],
            [
              -70.64689779532482,
              -33.34012181672897
            ],
            [
              -70.64783409946399,
              -33.33833482692283
            ],
            [
              -70.64953409915543,
              -33.337146671136246
            ],
            [
              -70.6516961679745,
              -33.334114392311264
            ],
            [
              -70.65539614447515,
              -33.33206833051317
            ],
            [
              -70.65754915288629,
              -33.32921131486857
            ],
            [
              -70.6586962134692,
              -33.32849466906575
            ],
            [
              -70.66262070141725,
              -33.32938879675865
            ],
            [
              -70.6681286488183,
              -33.3282479800892
            ],
            [
              -70.67350517718484,
              -33.329769054153765
            ],
            [
              -70.67821974689998,
              -33.32966767941431
            ],
            [
              -70.68129111111092,
              -33.330999975685295
            ],
            [
              -70.68373186517888,
              -33.32922079377847
            ],
            [
              -70.6850147411513,
              -33.32964112223787
            ],
            [
              -70.68667869414533,
              -33.32879161481495
            ],
            [
              -70.68939852782265,
              -33.32860873509466
            ],
            [
              -70.69018599010239,
              -33.327381984544125
            ],
            [
              -70.6904381445077,
              -33.32543289602082
            ],
            [
              -70.69209162584046,
              -33.324048507774194
            ],
            [
              -70.69466262843814,
              -33.3236729482817
            ],
            [
              -70.69815515339695,
              -33.320970357971184
            ],
            [
              -70.69949011009628,
              -33.320468196989594
            ],
            [
              -70.70491615809287,
              -33.31958745192871
            ],
            [
              -70.70727226391165,
              -33.31890991046449
            ],
            [
              -70.7107314236442,
              -33.31896987957803
            ],
            [
              -70.70898718551827,
              -33.321140603996994
            ],
            [
              -70.70849678891646,
              -33.32281883990807
            ],
            [
              -70.71825824930634,
              -33.32588743163962
            ],
            [
              -70.71957623054173,
              -33.32296040861216
            ],
            [
              -70.73486151425868,
              -33.288874290781365
            ],
            [
              -70.75772306241942,
              -33.237778227702535
            ],
            [
              -70.76025928494423,
              -33.232117321018315
            ],
            [
              -70.76383429680571,
              -33.22446522494823
            ],
            [
              -70.78297292998501,
              -33.181592355105806
            ],
            [
              -70.78438594758758,
              -33.1791170815214
            ],
            [
              -70.79102421007634,
              -33.174249715505525
            ],
            [
              -70.79195048901694,
              -33.173035305732206
            ]
          ]
        ]
      },
      "properties": {
        "comuna": "Colina",
        "zona": "Zona Chacabuco",
        "n": 37,
        "cod_comuna": 13301
      }
    },
    {
      "type": "Feature",
      "geometry": {
        "type": "Polygon",
        "coordinates": [
          [
            [
              -70.6517521617628,
              -33.43211619812469
            ],
            [
              -70.64549537155439,
              -33.43359962758745
            ],
            [
              -70.63536430293412,
              -33.435924306197315
            ],
            [
              -70.63535444751713,
              -33.43621701488379
            ],
            [
              -70.63538080318926,
              -33.43642411649854
            ],
            [
              -70.63285145547131,
              -33.44541262552219
            ],
            [
              -70.63144738149572,
              -33.45010045758823
            ],
            [
              -70.6260710723181,
              -33.46857952623634
            ],
            [
              -70.62514935053095,
              -33.469602114534226
            ],
            [
              -70.62457883049399,
              -33.469956707249494
            ],
            [
              -70.62790693860299,
              -33.472357999518756
            ],
            [
              -70.63462825572967,
              -33.4746603641312
            ],
            [
              -70.63743018374583,
              -33.47584942129149
            ],
            [
              -70.64183084796473,
              -33.47687297805736
            ],
            [
              -70.64211373014265,
              -33.476895603689194
            ],
            [
              -70.65098622221895,
              -33.476948069116936
            ],
            [
              -70.65506734131824,
              -33.47672474315737
            ],
            [
              -70.66106340988847,
              -33.476124935195514
            ],
            [
              -70.67119829455207,
              -33.476283654544325
            ],
            [
              -70.67172824846742,
              -33.47638717443428
            ],
            [
              -70.67168807940116,
              -33.47846976549604
            ],
            [
              -70.68093206167838,
              -33.47846408896086
            ],
            [
              -70.68075539180808,
              -33.476479229974714
            ],
            [
              -70.67626070092838,
              -33.47666936134136
            ],
            [
              -70.67201676038721,
              -33.47653282709066
            ],
            [
              -70.67277718427522,
              -33.47517693050454
            ],
            [
              -70.67293942810036,
              -33.47063411904327
            ],
            [
              -70.68007407985218,
              -33.4707148341039
            ],
            [
              -70.67904805377908,
              -33.469436924990454
            ],
            [
              -70.67874456514686,
              -33.463737225290416
            ],
            [
              -70.67783056976945,
              -33.45094443163921
            ],
            [
              -70.67901619233258,
              -33.45072994520356
            ],
            [
              -70.67956271208008,
              -33.44393405213839
            ],
            [
              -70.69184798207417,
              -33.44448954627527
            ],
            [
              -70.6916473523386,
              -33.44192784330524
            ],
            [
              -70.69155134848589,
              -33.43950336736862
            ],
            [
              -70.68845757130862,
              -33.43901336483822
            ],
            [
              -70.68656286267768,
              -33.4388768462386
            ],
            [
              -70.68544688200694,
              -33.438802177219564
            ],
            [
              -70.68381855619707,
              -33.43668263768001
            ],
            [
              -70.68133965606886,
              -33.436155697742116
            ],
            [
              -70.68017789186136,
              -33.438449500561475
            ],
            [
              -70.68007147473787,
              -33.43845094283913
            ],
            [
              -70.68018421510266,
              -33.437139104923816
            ],
            [
              -70.6804374115537,
              -33.43424583393612
            ],
            [
              -70.68071776946566,
              -33.42981657816209
            ],
            [
              -70.67987582975381,
              -33.42791124183008
            ],
            [
              -70.67816606986682,
              -33.42685593197152
            ],
            [
              -70.67665653816843,
              -33.42682759162251
            ],
            [
              -70.67182564201387,
              -33.42830867566198
            ],
            [
              -70.67151456441415,
              -33.42686868028982
            ],
            [
              -70.67138667036882,
              -33.426515008227476
            ],
            [
              -70.66127665736052,
              -33.429937259400226
            ],
            [
              -70.6517521617628,
              -33.43211619812469
            ]
          ]
        ]
      },
      "properties": {
        "comuna": "Santiago",
        "zona": "Zona Centro",
        "n": 49,
        "cod_comuna": 13101
      }
    },
    {
      "type": "Feature",
      "geometry": {
        "type": "Polygon",
        "coordinates": [
          [
            [
              -70.79195048901694,
              -33.173035305732206
            ],
            [
              -70.79102421007634,
              -33.174249715505525
            ],
            [
              -70.78438594758758,
              -33.1791170815214
            ],
            [
              -70.78297292998501,
              -33.181592355105806
            ],
            [
              -70.76383429680571,
              -33.22446522494823
            ],
            [
              -70.76025928494423,
              -33.232117321018315
            ],
            [
              -70.75772306241942,
              -33.237778227702535
            ],
            [
              -70.73486151425868,
              -33.288874290781365
            ],
            [
              -70.71957623054173,
              -33.32296040861216
            ],
            [
              -70.71883390321513,
              -33.324609022072636
            ],
            [
              -70.72927463908013,
              -33.32682486497566
            ],
            [
              -70.73017490640338,
              -33.327053564195324
            ],
            [
              -70.73221865182816,
              -33.327390563704434
            ],
            [
              -70.74558277242734,
              -33.330426906659014
            ],
            [
              -70.76618833649933,
              -33.33519922253742
            ],
            [
              -70.79349060385917,
              -33.34126605761489
            ],
            [
              -70.79787668482776,
              -33.338472729053
            ],
            [
              -70.79778473597021,
              -33.34004999193242
            ],
            [
              -70.79879418273644,
              -33.34490293532442
            ],
            [
              -70.80187852580659,
              -33.347701558123184
            ],
            [
              -70.80360054230734,
              -33.35037798397019
            ],
            [
              -70.8036836948616,
              -33.350581264418814
            ],
            [
              -70.8041317915933,
              -33.35162423853806
            ],
            [
              -70.80718972599072,
              -33.353495735587124
            ],
            [
              -70.80814447074604,
              -33.35515047097127
            ],
            [
              -70.81122351106107,
              -33.358021910705546
            ],
            [
              -70.81121401137693,
              -33.35933933131033
            ],
            [
              -70.81436486032084,
              -33.36034390375438
            ],
            [
              -70.81571457993353,
              -33.361498423438036
            ],
            [
              -70.81912904039585,
              -33.36277723165153
            ],
            [
              -70.82077015911368,
              -33.36268959917234
            ],
            [
              -70.82285097621363,
              -33.36573014401419
            ],
            [
              -70.82398352451314,
              -33.36950436057303
            ],
            [
              -70.82544336410496,
              -33.371104023554196
            ],
            [
              -70.82774629864205,
              -33.371789453970756
            ],
            [
              -70.82933927035559,
              -33.37475062669699
            ],
            [
              -70.829508253342,
              -33.37619206744401
            ],
            [
              -70.83223654645434,
              -33.37779199601401
            ],
            [
              -70.83289274151488,
              -33.37884625842121
            ],
            [
              -70.83256571432727,
              -33.38089034473729
            ],
            [
              -70.83698279795293,
              -33.38237655973504
            ],
            [
              -70.83755769458195,
              -33.3845846010675
            ],
            [
              -70.83919498468002,
              -33.38528849656428
            ],
            [
              -70.84318979364683,
              -33.38391231489927
            ],
            [
              -70.8476036981347,
              -33.381732583812074
            ],
            [
              -70.85058545809096,
              -33.38123699243704
            ],
            [
              -70.85328687001675,
              -33.37953241696613
            ],
            [
              -70.86013545416463,
              -33.37655682995626
            ],
            [
              -70.86291793275662,
              -33.37571709131774
            ],
            [
              -70.87089094623049,
              -33.375464165695256
            ],
            [
              -70.87439086701906,
              -33.37359380800243
            ],
            [
              -70.87565852553055,
              -33.37357465354149
            ],
            [
              -70.87796979463684,
              -33.37540156187849
            ],
            [
              -70.8815100686463,
              -33.37607840582249
            ],
            [
              -70.88774167278909,
              -33.37519057213835
            ],
            [
              -70.89247622193447,
              -33.37546470656657
            ],
            [
              -70.89579662339665,
              -33.37412402848302
            ],
            [
              -70.89970284590001,
              -33.373199147836345
            ],
            [
              -70.90199307736069,
              -33.37100878336342
            ],
            [
              -70.90378450758173,
              -33.370522924131166
            ],
            [
              -70.90732548766702,
              -33.36845030752752
            ],
            [
              -70.91025799569121,
              -33.36842995081744
            ],
            [
              -70.91110572324841,
              -33.36920136956967
            ],
            [
              -70.91396281500954,
              -33.369804623482
            ],
            [
              -70.91548806453045,
              -33.37059895047109
            ],
            [
              -70.91742019877279,
              -33.37280542736959
            ],
            [
              -70.92350769787262,
              -33.37547897851703
            ],
            [
              -70.926360000715,
              -33.37586416050864
            ],
            [
              -70.92871436290379,
              -33.376877409756254
            ],
            [
              -70.93179408593842,
              -33.377258930059995
            ],
            [
              -70.93330828887629,
              -33.37885783531744
            ],
            [
              -70.93742114186131,
              -33.37965261447605
            ],
            [
              -70.94366223401013,
              -33.38151147311278
            ],
            [
              -70.94666465611624,
              -33.38490941701726
            ],
            [
              -70.952190866267,
              -33.38390670568558
            ],
            [
              -70.95517559785024,
              -33.38257135673587
            ],
            [
              -70.95740729059541,
              -33.38062728498617
            ],
            [
              -70.960976507425,
              -33.379998335449464
            ],
            [
              -70.96283463845423,
              -33.37915775313164
            ],
            [
              -70.96405653588683,
              -33.37784999520391
            ],
            [
              -70.96810821270269,
              -33.375924785058984
            ],
            [
              -70.97019991109568,
              -33.37283760306508
            ],
            [
              -70.97105356843207,
              -33.37034264826382
            ],
            [
              -70.97531166372718,
              -33.367507287348104
            ],
            [
              -70.97759397833525,
              -33.365323522857835
            ],
            [
              -70.98057983191427,
              -33.364083006659214
            ],
            [
              -70.98290686735211,
              -33.36137356630142
            ],
            [
              -70.98536795658318,
              -33.3595685829138
            ],
            [
              -70.98717660660995,
              -33.3565810993029
            ],
            [
              -70.987251259305,
              -33.35486206098136
            ],
            [
              -70.98620578111272,
              -33.351395311182344
            ],
            [
              -70.98645206233267,
              -33.34972124790223
            ],
            [
              -70.98871520419765,
              -33.34672646920087
            ],
            [
              -70.99355409356161,
              -33.344501440640585
            ],
            [
              -70.99640681861214,
              -33.34245142405522
            ],
            [
              -71.00204987442855,
              -33.33315081078232
            ],
            [
              -71.00217451747085,
              -33.33114462711824
            ],
            [
              -71.00349244660397,
              -33.329119194731895
            ],
            [
              -71.00385653738189,
              -33.32594638414985
            ],
            [
              -71.00371701195026,
              -33.32245052540561
            ],
            [
              -71.00172912017658,
              -33.31538507599855
            ],
            [
              -71.00166058950018,
              -33.30867731182888
            ],
            [
              -70.99943547691446,
              -33.30580232098497
            ],
            [
              -70.99787433520638,
              -33.30463445960859
            ],
            [
              -70.99558899507242,
              -33.304098529651064
            ],
            [
              -70.98908314784981,
              -33.3003853890021
            ],
            [
              -70.98713656959603,
              -33.29974850241941
            ],
            [
              -70.98442673955773,
              -33.29802616581656
            ],
            [
              -70.97471943320645,
              -33.295938040971684
            ],
            [
              -70.97158083728304,
              -33.293569553363085
            ],
            [
              -70.96995328761757,
              -33.29119402339408
            ],
            [
              -70.96846549604739,
              -33.29002793679594
            ],
            [
              -70.97229583875702,
              -33.286718953197166
            ],
            [
              -70.97299237356368,
              -33.28484686132995
            ],
            [
              -70.97425328482909,
              -33.27899898700352
            ],
            [
              -70.97593321525878,
              -33.27668787937981
            ],
            [
              -70.97771611687453,
              -33.2751325417005
            ],
            [
              -70.97872844813114,
              -33.27215777215692
            ],
            [
              -70.97864127022609,
              -33.26829384873968
            ],
            [
              -70.97947121653056,
              -33.2647971751775
            ],
            [
              -70.98207425754283,
              -33.26184475771049
            ],
            [
              -70.98281417109625,
              -33.25939932302014
            ],
            [
              -70.98334604920295,
              -33.25528690989986
            ],
            [
              -70.98476398777665,
              -33.252687475344516
            ],
            [
              -70.98675816326575,
              -33.25046052526922
            ],
            [
              -70.9874443279208,
              -33.24815901708041
            ],
            [
              -70.9913745668833,
              -33.2436582140421
            ],
            [
              -70.99358832566213,
              -33.23861222706362
            ],
            [
              -70.99475438022343,
              -33.23744818145022
            ],
            [
              -70.9958781223382,
              -33.234423841768354
            ],
            [
              -70.99593784503323,
              -33.22955553731323
            ],
            [
              -70.99830351701146,
              -33.22622482759783
            ],
            [
              -70.99917044246459,
              -33.22439758002084
            ],
            [
              -71.0005621915545,
              -33.223182206299995
            ],
            [
              -71.00081448160543,
              -33.22179426225456
            ],
            [
              -70.99997209453258,
              -33.21970815995135
            ],
            [
              -70.99981307206603,
              -33.21770650954532
            ],
            [
              -71.00168851093584,
              -33.21280899011777
            ],
            [
              -71.00129368969039,
              -33.2104293530914
            ],
            [
              -70.9997737617892,
              -33.208497236419774
            ],
            [
              -70.99955285078948,
              -33.20377659696084
            ],
            [
              -70.99830533699823,
              -33.20121908945662
            ],
            [
              -70.99749970898681,
              -33.19836754497649
            ],
            [
              -70.99692617420376,
              -33.197566127691395
            ],
            [
              -70.9971616621656,
              -33.195461136033764
            ],
            [
              -70.99819157345233,
              -33.192252261397904
            ],
            [
              -70.99678350646529,
              -33.19048481063469
            ],
            [
              -70.99530201298356,
              -33.186252142549066
            ],
            [
              -70.99267565889303,
              -33.18284486986425
            ],
            [
              -70.99259106094945,
              -33.181448441516636
            ],
            [
              -70.99381286765224,
              -33.17947651072638
            ],
            [
              -70.99337648405351,
              -33.17766396595025
            ],
            [
              -70.98735851276001,
              -33.1777356837803
            ],
            [
              -70.98568207498018,
              -33.177474256946844
            ],
            [
              -70.98345721931263,
              -33.17293303243519
            ],
            [
              -70.98169905460485,
              -33.17229498070346
            ],
            [
              -70.9805685499726,
              -33.173132545632896
            ],
            [
              -70.97816763888243,
              -33.17351439489082
            ],
            [
              -70.97510489580328,
              -33.172072750916186
            ],
            [
              -70.97271231748566,
              -33.17446871714142
            ],
            [
              -70.96966924032473,
              -33.175870380066364
            ],
            [
              -70.96330440075396,
              -33.17752011207373
            ],
            [
              -70.95793715108596,
              -33.17620132700108
            ],
            [
              -70.95610151387146,
              -33.17509635062488
            ],
            [
              -70.9540751265929,
              -33.172737200897146
            ],
            [
              -70.95329181991967,
              -33.17249994522765
            ],
            [
              -70.94633953066209,
              -33.17387877729918
            ],
            [
              -70.94427193316986,
              -33.17523671820351
            ],
            [
              -70.9405594781716,
              -33.17672622056078
            ],
            [
              -70.93924427003549,
              -33.17884648988019
            ],
            [
              -70.93583526594018,
              -33.18123780424259
            ],
            [
              -70.93418689332644,
              -33.18369719590684
            ],
            [
              -70.93294499490402,
              -33.18400283424183
            ],
            [
              -70.93190794740069,
              -33.18588001693583
            ],
            [
              -70.92983470669184,
              -33.186791308056804
            ],
            [
              -70.92761089486667,
              -33.18661478496794
            ],
            [
              -70.92132744535557,
              -33.184755427624
            ],
            [
              -70.91825749778786,
              -33.18451644375037
            ],
            [
              -70.90911196817085,
              -33.18150744344024
            ],
            [
              -70.90149874793457,
              -33.18107650150368
            ],
            [
              -70.89742011896524,
              -33.18144770246048
            ],
            [
              -70.89292903392311,
              -33.181086649095526
            ],
            [
              -70.89031797814187,
              -33.18370322398416
            ],
            [
              -70.88976217520423,
              -33.18539183766242
            ],
            [
              -70.88976158770602,
              -33.18799059982601
            ],
            [
              -70.89053805550502,
              -33.198797267552656
            ],
            [
              -70.89190864837167,
              -33.203235163807996
            ],
            [
              -70.8921901561272,
              -33.205650256881746
            ],
            [
              -70.89317631856126,
              -33.20775527942277
            ],
            [
              -70.89445339680682,
              -33.20915352210416
            ],
            [
              -70.89459234552002,
              -33.210886830362284
            ],
            [
              -70.89257977343222,
              -33.21198785818707
            ],
            [
              -70.88856102795636,
              -33.212887356849215
            ],
            [
              -70.88621523839032,
              -33.21468866526765
            ],
            [
              -70.88597146346999,
              -33.216553452698456
            ],
            [
              -70.88677539186888,
              -33.22226777395791
            ],
            [
              -70.8878329856394,
              -33.22392191710707
            ],
            [
              -70.88603303399957,
              -33.22471273563609
            ],
            [
              -70.88402543049358,
              -33.2264134308139
            ],
            [
              -70.8829503950335,
              -33.228860828476954
            ],
            [
              -70.88112874189302,
              -33.22699901233382
            ],
            [
              -70.87874244459589,
              -33.22657298708133
            ],
            [
              -70.87526190765452,
              -33.22749371133025
            ],
            [
              -70.86681859558668,
              -33.22577131404465
            ],
            [
              -70.86596594256677,
              -33.2234318074696
            ],
            [
              -70.8632875113426,
              -33.22045484401666
            ],
            [
              -70.86190818325811,
              -33.21763819429079
            ],
            [
              -70.86095467188969,
              -33.21454299406816
            ],
            [
              -70.86011687071635,
              -33.21335724536846
            ],
            [
              -70.85922883305741,
              -33.210327168545646
            ],
            [
              -70.85652828620925,
              -33.20408316716882
            ],
            [
              -70.85004883598126,
              -33.19777152245502
            ],
            [
              -70.84917735337469,
              -33.19452568596491
            ],
            [
              -70.84942770845448,
              -33.19211933329234
            ],
            [
              -70.85037838923147,
              -33.18790277368852
            ],
            [
              -70.85224133882387,
              -33.18463111441072
            ],
            [
              -70.85720611449847,
              -33.182210785532895
            ],
            [
              -70.85717572628901,
              -33.18140782574735
            ],
            [
              -70.85371036638439,
              -33.181003962389916
            ],
            [
              -70.84803813777914,
              -33.18104436181629
            ],
            [
              -70.84041667100855,
              -33.18038860601546
            ],
            [
              -70.83819052625857,
              -33.17979598432152
            ],
            [
              -70.83525730497203,
              -33.179697724031996
            ],
            [
              -70.8308024597651,
              -33.18138191816661
            ],
            [
              -70.82721017509733,
              -33.18468524998292
            ],
            [
              -70.82586356455383,
              -33.184905887033985
            ],
            [
              -70.82374922771736,
              -33.18324450100042
            ],
            [
              -70.8219568515703,
              -33.17962976632094
            ],
            [
              -70.81899256833789,
              -33.176863110354645
            ],
            [
              -70.81667787665036,
              -33.17598334323477
            ],
            [
              -70.81125546952562,
              -33.17465647170716
            ],
            [
              -70.80846675572727,
              -33.17278291714325
            ],
            [
              -70.80764632797155,
              -33.17175965552876
            ],
            [
              -70.80221597345148,
              -33.17208101298901
            ],
            [
              -70.79998221907275,
              -33.16976644795664
            ],
            [
              -70.798463962038,
              -33.16967461978221
            ],
            [
              -70.79195048901694,
              -33.173035305732206
            ]
          ]
        ]
      },
      "properties": {
        "comuna": "Lampa",
        "zona": "Zona Chacabuco",
        "n": 20,
        "cod_comuna": 13302
      }
    },
    {
      "type": "Feature",
      "geometry": {
        "type": "Polygon",
        "coordinates": [
          [
            [
              -70.4338112232343,
              -33.8536023153063
            ],
            [
              -70.43703191708985,
              -33.851361826135076
            ],
            [
              -70.43988906634317,
              -33.85059844031549
            ],
            [
              -70.44139217239233,
              -33.85128926647014
            ],
            [
              -70.44432267088523,
              -33.8553747921627
            ],
            [
              -70.44829971297231,
              -33.85758930760909
            ],
            [
              -70.45026210247343,
              -33.858351011433584
            ],
            [
              -70.45550994448057,
              -33.85852244342789
            ],
            [
              -70.45940659633291,
              -33.85812589550112
            ],
            [
              -70.4619666044498,
              -33.85858970724216
            ],
            [
              -70.46731820366891,
              -33.861061509926856
            ],
            [
              -70.4731335446787,
              -33.86273049195966
            ],
            [
              -70.47456464716457,
              -33.8620489409221
            ],
            [
              -70.47533750643105,
              -33.8607441398811
            ],
            [
              -70.47588023708468,
              -33.85823740506985
            ],
            [
              -70.47525596096283,
              -33.853881505450296
            ],
            [
              -70.47517773656621,
              -33.84841521705438
            ],
            [
              -70.47735947489674,
              -33.846148887776565
            ],
            [
              -70.47846118493086,
              -33.84186996231561
            ],
            [
              -70.48148927639622,
              -33.83835089531247
            ],
            [
              -70.48190012807795,
              -33.8358167560107
            ],
            [
              -70.48342764584494,
              -33.83360273128168
            ],
            [
              -70.48715210053878,
              -33.830518916589035
            ],
            [
              -70.48922899918746,
              -33.82997354237625
            ],
            [
              -70.49359501179258,
              -33.8297190473482
            ],
            [
              -70.4980695983762,
              -33.83114847152641
            ],
            [
              -70.50201820608962,
              -33.834261107375184
            ],
            [
              -70.50583189762716,
              -33.83323381647591
            ],
            [
              -70.51069561642556,
              -33.833528469391695
            ],
            [
              -70.51486632720308,
              -33.832419326162835
            ],
            [
              -70.51882789311448,
              -33.833685190028014
            ],
            [
              -70.52195345717804,
              -33.83344319211859
            ],
            [
              -70.52506571809059,
              -33.83221416108564
            ],
            [
              -70.52593070587768,
              -33.83097085443767
            ],
            [
              -70.52706356140101,
              -33.824607122694026
            ],
            [
              -70.53048957599452,
              -33.82069137557569
            ],
            [
              -70.53302643003498,
              -33.81719807715155
            ],
            [
              -70.53364801480424,
              -33.81390106082558
            ],
            [
              -70.5368400622837,
              -33.80967024116882
            ],
            [
              -70.53587903021969,
              -33.806905913506434
            ],
            [
              -70.53574786810337,
              -33.80402294378254
            ],
            [
              -70.53511400066922,
              -33.80218026197618
            ],
            [
              -70.53580304172982,
              -33.800241399386955
            ],
            [
              -70.5408736982337,
              -33.79747934929756
            ],
            [
              -70.54512599580195,
              -33.79727751717552
            ],
            [
              -70.5469652909563,
              -33.79628551711308
            ],
            [
              -70.5478339007506,
              -33.79399727237445
            ],
            [
              -70.54922833041331,
              -33.792790969053996
            ],
            [
              -70.55364932081214,
              -33.79010844088628
            ],
            [
              -70.55537598339954,
              -33.78827903324148
            ],
            [
              -70.55807464198897,
              -33.786322453903466
            ],
            [
              -70.55959455821203,
              -33.784625102301376
            ],
            [
              -70.56429325739106,
              -33.785208841520564
            ],
            [
              -70.57051288070289,
              -33.784712055129816
            ],
            [
              -70.57696626092303,
              -33.78291243717164
            ],
            [
              -70.58085789209123,
              -33.78299811648762
            ],
            [
              -70.58425400446387,
              -33.78431355059721
            ],
            [
              -70.5877831806863,
              -33.7849715400565
            ],
            [
              -70.59136087671386,
              -33.784041161247465
            ],
            [
              -70.59472113193362,
              -33.782156963107695
            ],
            [
              -70.59587520656228,
              -33.781045148999596
            ],
            [
              -70.59609754767992,
              -33.778890970100704
            ],
            [
              -70.59528784940196,
              -33.772947809706004
            ],
            [
              -70.59563712246928,
              -33.77080269945407
            ],
            [
              -70.5964989454916,
              -33.76902284414194
            ],
            [
              -70.59957616941313,
              -33.766186907956886
            ],
            [
              -70.59985446748814,
              -33.76525543345164
            ],
            [
              -70.59876492423624,
              -33.76203191955795
            ],
            [
              -70.59910759558451,
              -33.76023786328194
            ],
            [
              -70.60209181782297,
              -33.75786707888903
            ],
            [
              -70.60555804370355,
              -33.756837651905315
            ],
            [
              -70.60671218480753,
              -33.75318068142846
            ],
            [
              -70.607020953737,
              -33.750831359406945
            ],
            [
              -70.60861004832178,
              -33.74832950102171
            ],
            [
              -70.6092593658805,
              -33.74468159439819
            ],
            [
              -70.61335262750748,
              -33.74034549284489
            ],
            [
              -70.61440996525815,
              -33.73849684012873
            ],
            [
              -70.61338711383124,
              -33.7341306899616
            ],
            [
              -70.6144929345561,
              -33.72814315250388
            ],
            [
              -70.61554281898485,
              -33.725112958395215
            ],
            [
              -70.61600184641694,
              -33.72257075038305
            ],
            [
              -70.6174945670431,
              -33.72087165801002
            ],
            [
              -70.62110279501053,
              -33.71897739183598
            ],
            [
              -70.62189761359411,
              -33.71719476829315
            ],
            [
              -70.62160298594387,
              -33.71498615743739
            ],
            [
              -70.62207956196502,
              -33.71278241337229
            ],
            [
              -70.62506305836474,
              -33.71049642924539
            ],
            [
              -70.62728633030245,
              -33.70724657463472
            ],
            [
              -70.62945933072021,
              -33.705859658899286
            ],
            [
              -70.63203233296771,
              -33.704833765122416
            ],
            [
              -70.6351998223039,
              -33.704878301351336
            ],
            [
              -70.6375267122147,
              -33.704451650129734
            ],
            [
              -70.64079679454625,
              -33.701562812480105
            ],
            [
              -70.64534264987125,
              -33.69675048950682
            ],
            [
              -70.64438765358766,
              -33.695027590509135
            ],
            [
              -70.6441762216108,
              -33.69326782507701
            ],
            [
              -70.64731681898067,
              -33.688554430618886
            ],
            [
              -70.64935520236153,
              -33.6835993340919
            ],
            [
              -70.65083757529393,
              -33.68191734902625
            ],
            [
              -70.65175387754499,
              -33.67952174812522
            ],
            [
              -70.65315348150372,
              -33.67779629697588
            ],
            [
              -70.6558872776955,
              -33.67572140524355
            ],
            [
              -70.65549461779662,
              -33.67292828421138
            ],
            [
              -70.65291075312071,
              -33.6696931692381
            ],
            [
              -70.65171246880365,
              -33.664353620236234
            ],
            [
              -70.65005580473984,
              -33.66275463564593
            ],
            [
              -70.64834816218195,
              -33.66252780165752
            ],
            [
              -70.6414891378138,
              -33.660866777360674
            ],
            [
              -70.64015075224505,
              -33.65976991629342
            ],
            [
              -70.6366565914541,
              -33.65527253474536
            ],
            [
              -70.63479385296576,
              -33.653458944530755
            ],
            [
              -70.63318840904283,
              -33.649951727758676
            ],
            [
              -70.63293760929696,
              -33.64864109081393
            ],
            [
              -70.6312065054388,
              -33.645678932277015
            ],
            [
              -70.6312339399876,
              -33.64283960413814
            ],
            [
              -70.62934381725616,
              -33.64142218332864
            ],
            [
              -70.6267237082535,
              -33.64200684226949
            ],
            [
              -70.6229643261631,
              -33.644195919379726
            ],
            [
              -70.6196175169265,
              -33.644041089731076
            ],
            [
              -70.61636582580374,
              -33.642127419848364
            ],
            [
              -70.61452709838468,
              -33.641509615584404
            ],
            [
              -70.60978166614962,
              -33.641785446647205
            ],
            [
              -70.60574080235483,
              -33.64163934921616
            ],
            [
              -70.6001147830878,
              -33.63975613500416
            ],
            [
              -70.59748807416273,
              -33.638017300660444
            ],
            [
              -70.5962026227204,
              -33.63766710892866
            ],
            [
              -70.59162698375215,
              -33.63823045670095
            ],
            [
              -70.58943327716707,
              -33.63618024539715
            ],
            [
              -70.5868070614171,
              -33.634441171312105
            ],
            [
              -70.58486639138296,
              -33.63422145927158
            ],
            [
              -70.58293962547276,
              -33.634765864474645
            ],
            [
              -70.5807292856819,
              -33.633785435854584
            ],
            [
              -70.57811604340124,
              -33.628744909142995
            ],
            [
              -70.5761526091595,
              -33.62727225372147
            ],
            [
              -70.57140927538893,
              -33.625620905940295
            ],
            [
              -70.56808121938221,
              -33.62544920979164
            ],
            [
              -70.56708285423332,
              -33.62478944067514
            ],
            [
              -70.56642924452417,
              -33.620977038121225
            ],
            [
              -70.56467185596081,
              -33.62041351915553
            ],
            [
              -70.55740549412035,
              -33.620999263248486
            ],
            [
              -70.5541784114465,
              -33.62033692491716
            ],
            [
              -70.55202275390361,
              -33.61930940563918
            ],
            [
              -70.5486447407873,
              -33.61837369706759
            ],
            [
              -70.5436379652799,
              -33.618283444302214
            ],
            [
              -70.54163394425528,
              -33.61960749962468
            ],
            [
              -70.53975685877357,
              -33.619860126646024
            ],
            [
              -70.53803038842564,
              -33.61933144867036
            ],
            [
              -70.53416093306853,
              -33.61745390409353
            ],
            [
              -70.53205354649742,
              -33.61604341246542
            ],
            [
              -70.52936054819261,
              -33.61560297008651
            ],
            [
              -70.52660835899539,
              -33.616981838673304
            ],
            [
              -70.5190733191383,
              -33.61646329003827
            ],
            [
              -70.51795773642125,
              -33.615346071693764
            ],
            [
              -70.51792657027077,
              -33.61357361537522
            ],
            [
              -70.5161539103476,
              -33.61351897129867
            ],
            [
              -70.5139472078353,
              -33.61476867834371
            ],
            [
              -70.51219235431765,
              -33.614698392290194
            ],
            [
              -70.511077946597,
              -33.613642192172236
            ],
            [
              -70.50888330037414,
              -33.613485622856764
            ],
            [
              -70.50823838725526,
              -33.61211803610591
            ],
            [
              -70.50815029486522,
              -33.60915417697798
            ],
            [
              -70.50531836850847,
              -33.60805768283237
            ],
            [
              -70.50178679468253,
              -33.60874253908713
            ],
            [
              -70.49951813356847,
              -33.60852560373851
            ],
            [
              -70.4984473767841,
              -33.60786599683207
            ],
            [
              -70.4986597403139,
              -33.605357043654394
            ],
            [
              -70.50126489236709,
              -33.60391948276774
            ],
            [
              -70.50113513252094,
              -33.602759475293254
            ],
            [
              -70.49883965759395,
              -33.600983878792185
            ],
            [
              -70.49535749649854,
              -33.59985882566667
            ],
            [
              -70.49116132836419,
              -33.59841744089609
            ],
            [
              -70.48899228682187,
              -33.59547869322263
            ],
            [
              -70.48751589936421,
              -33.594579406318594
            ],
            [
              -70.48532219906735,
              -33.59445298476972
            ],
            [
              -70.48220702312172,
              -33.59490303224797
            ],
            [
              -70.4806633770021,
              -33.594340687475245
            ],
            [
              -70.47916250416475,
              -33.589865366206034
            ],
            [
              -70.47671082478627,
              -33.589589020211456
            ],
            [
              -70.47567369373961,
              -33.5908851779412
            ],
            [
              -70.47339767811833,
              -33.592348944301186
            ],
            [
              -70.46638487924155,
              -33.59125545789428
            ],
            [
              -70.46086731627369,
              -33.591106782182614
            ],
            [
              -70.45963606737897,
              -33.589562404096824
            ],
            [
              -70.46021970281906,
              -33.58735474884561
            ],
            [
              -70.46244898628264,
              -33.58311024743942
            ],
            [
              -70.4613628503406,
              -33.58150307058466
            ],
            [
              -70.45853391088215,
              -33.582667384218645
            ],
            [
              -70.45448615072092,
              -33.583020668714525
            ],
            [
              -70.45265692657924,
              -33.58282828046809
            ],
            [
              -70.44994088918233,
              -33.57983406387529
            ],
            [
              -70.44382497816667,
              -33.5787451637751
            ],
            [
              -70.44399181148461,
              -33.58533749392033
            ],
            [
              -70.44360009571507,
              -33.589207624303285
            ],
            [
              -70.44054560725507,
              -33.60098292556328
            ],
            [
              -70.44035807226142,
              -33.60341896863559
            ],
            [
              -70.44101634243026,
              -33.60870847057301
            ],
            [
              -70.43918545281204,
              -33.61522001947683
            ],
            [
              -70.43711982263028,
              -33.61791652179167
            ],
            [
              -70.43584771835646,
              -33.620317426259746
            ],
            [
              -70.43511180320434,
              -33.62066004723448
            ],
            [
              -70.42967710622818,
              -33.62002683993683
            ],
            [
              -70.4277993523999,
              -33.62014383819412
            ],
            [
              -70.42692346355685,
              -33.62229842272266
            ],
            [
              -70.42645953401826,
              -33.62525847428955
            ],
            [
              -70.4247854579093,
              -33.62737452322828
            ],
            [
              -70.42374198834997,
              -33.63320056178232
            ],
            [
              -70.42123752486374,
              -33.63680347132897
            ],
            [
              -70.4176660954836,
              -33.63789295839596
            ],
            [
              -70.41426576911397,
              -33.64003692488246
            ],
            [
              -70.41315520348778,
              -33.64191077346025
            ],
            [
              -70.41202607237959,
              -33.642639484163595
            ],
            [
              -70.41132266276604,
              -33.64498591980027
            ],
            [
              -70.41019796664042,
              -33.64600091781272
            ],
            [
              -70.40724073158974,
              -33.646607250427216
            ],
            [
              -70.40821430862667,
              -33.64955019681109
            ],
            [
              -70.41072522650825,
              -33.65172898114075
            ],
            [
              -70.41301519655916,
              -33.65449402523091
            ],
            [
              -70.42133418628325,
              -33.66047638648868
            ],
            [
              -70.4241926839078,
              -33.66077748355768
            ],
            [
              -70.4262967080848,
              -33.66032376567663
            ],
            [
              -70.42949740903539,
              -33.66062086458293
            ],
            [
              -70.43033022725383,
              -33.66266319346959
            ],
            [
              -70.43344389582643,
              -33.6645837047443
            ],
            [
              -70.4336966943238,
              -33.666060253542256
            ],
            [
              -70.43225026208759,
              -33.668319888306414
            ],
            [
              -70.43067539861353,
              -33.66972216121414
            ],
            [
              -70.43170792669268,
              -33.67348019635723
            ],
            [
              -70.43643729884708,
              -33.6764318433196
            ],
            [
              -70.4384079357808,
              -33.678222250772954
            ],
            [
              -70.4409289525228,
              -33.68344122728545
            ],
            [
              -70.43970141456852,
              -33.68491580411734
            ],
            [
              -70.43891460266903,
              -33.68825441818524
            ],
            [
              -70.43768561752884,
              -33.68919714750746
            ],
            [
              -70.43694964129129,
              -33.69099849990042
            ],
            [
              -70.43387360494258,
              -33.69487588230343
            ],
            [
              -70.43055813612962,
              -33.695874732499135
            ],
            [
              -70.4220220146182,
              -33.699654993714205
            ],
            [
              -70.41801858002806,
              -33.7007574705935
            ],
            [
              -70.41498089096218,
              -33.70120846031958
            ],
            [
              -70.4130461965213,
              -33.70235103953539
            ],
            [
              -70.40919610435014,
              -33.70348361627959
            ],
            [
              -70.40518827609995,
              -33.70669864044276
            ],
            [
              -70.40174936798715,
              -33.708402408819445
            ],
            [
              -70.40050432995284,
              -33.711938146905034
            ],
            [
              -70.40051949081987,
              -33.71286639779113
            ],
            [
              -70.40262622162082,
              -33.715211456456345
            ],
            [
              -70.40414248259898,
              -33.71775534842141
            ],
            [
              -70.40356874659334,
              -33.72016297333064
            ],
            [
              -70.40401243619027,
              -33.72153449350583
            ],
            [
              -70.40285576632876,
              -33.72343647290053
            ],
            [
              -70.40265830944277,
              -33.72660814373373
            ],
            [
              -70.40458596648172,
              -33.72969160550384
            ],
            [
              -70.40463018605159,
              -33.73122775744687
            ],
            [
              -70.4036166223064,
              -33.73251987962262
            ],
            [
              -70.40319013005727,
              -33.738095099696665
            ],
            [
              -70.4036121019839,
              -33.74282843893784
            ],
            [
              -70.40031389609574,
              -33.74737981466662
            ],
            [
              -70.39999974895268,
              -33.749272204285205
            ],
            [
              -70.40325765372222,
              -33.754005254584975
            ],
            [
              -70.40225702032726,
              -33.756097530580945
            ],
            [
              -70.40416973748471,
              -33.75940521549207
            ],
            [
              -70.4025704613945,
              -33.762400731372374
            ],
            [
              -70.40260998906363,
              -33.76364880875402
            ],
            [
              -70.40379151261413,
              -33.765588246022745
            ],
            [
              -70.4039219614681,
              -33.768884199048145
            ],
            [
              -70.40467091476825,
              -33.77015618990443
            ],
            [
              -70.40781230085895,
              -33.77354585197199
            ],
            [
              -70.40828785190236,
              -33.77450082786515
            ],
            [
              -70.40723992759754,
              -33.779571000937366
            ],
            [
              -70.40720713639473,
              -33.78459745122073
            ],
            [
              -70.40667490704679,
              -33.786044196634016
            ],
            [
              -70.40316783477024,
              -33.78963769364697
            ],
            [
              -70.40342552459433,
              -33.791331495281554
            ],
            [
              -70.40586652839396,
              -33.79405687224691
            ],
            [
              -70.40610264068492,
              -33.796775289294075
            ],
            [
              -70.40471817603367,
              -33.798872027087945
            ],
            [
              -70.40479032781897,
              -33.799767553955
            ],
            [
              -70.40351714287183,
              -33.80163879547153
            ],
            [
              -70.40301849524414,
              -33.80398148887197
            ],
            [
              -70.40376351571997,
              -33.81437744772051
            ],
            [
              -70.40479872706686,
              -33.816702600401264
            ],
            [
              -70.40648383897911,
              -33.81889237821266
            ],
            [
              -70.40627514955882,
              -33.82020732342263
            ],
            [
              -70.40752253309435,
              -33.82259415439696
            ],
            [
              -70.40854684069035,
              -33.8265841286406
            ],
            [
              -70.4078093723511,
              -33.83190678378484
            ],
            [
              -70.4090587636213,
              -33.83323706168254
            ],
            [
              -70.40951326264604,
              -33.83521670504271
            ],
            [
              -70.41138410034496,
              -33.8381725186829
            ],
            [
              -70.41367286665339,
              -33.83971498347282
            ],
            [
              -70.41805934198239,
              -33.84049689228659
            ],
            [
              -70.42002718874882,
              -33.84117857501259
            ],
            [
              -70.42189218829671,
              -33.84259766338485
            ],
            [
              -70.42627184541269,
              -33.84872561994408
            ],
            [
              -70.42704410280793,
              -33.85082879689372
            ],
            [
              -70.42859157844559,
              -33.85202576136596
            ],
            [
              -70.43035250637118,
              -33.852055204258924
            ],
            [
              -70.4338112232343,
              -33.8536023153063
            ]
          ]
        ]
      },
      "properties": {
        "comuna": "Pirque",
        "zona": "Zona Cordillera",
        "n": 10,
        "cod_comuna": 13202
      }
    },
    {
      "type": "Feature",
      "geometry": {
        "type": "Polygon",
        "coordinates": [
          [
            [
              -70.4875459740616,
              -33.54343050797702
            ],
            [
              -70.48602534727117,
              -33.54604154337552
            ],
            [
              -70.48682278085056,
              -33.552665457427736
            ],
            [
              -70.48852857467558,
              -33.555746896611005
            ],
            [
              -70.48875767561576,
              -33.55913243072033
            ],
            [
              -70.48946362476661,
              -33.560412452330525
            ],
            [
              -70.49107495085805,
              -33.56129968714698
            ],
            [
              -70.49339393649264,
              -33.5633596064846
            ],
            [
              -70.49504199200109,
              -33.56562476637439
            ],
            [
              -70.49596976484001,
              -33.567717610370025
            ],
            [
              -70.49868744525557,
              -33.56970241850028
            ],
            [
              -70.50008341642732,
              -33.571308018009326
            ],
            [
              -70.50045844599045,
              -33.57321233676968
            ],
            [
              -70.5003468545709,
              -33.57994251307059
            ],
            [
              -70.49805314842672,
              -33.58249693687339
            ],
            [
              -70.49795912086762,
              -33.58693881320056
            ],
            [
              -70.49844482197544,
              -33.588650965586226
            ],
            [
              -70.49723020628652,
              -33.59095633423005
            ],
            [
              -70.49588007973699,
              -33.59202254758033
            ],
            [
              -70.49535749649854,
              -33.59985882566667
            ],
            [
              -70.49883965759395,
              -33.600983878792185
            ],
            [
              -70.50113513252094,
              -33.602759475293254
            ],
            [
              -70.50126489236709,
              -33.60391948276774
            ],
            [
              -70.4986597403139,
              -33.605357043654394
            ],
            [
              -70.4984473767841,
              -33.60786599683207
            ],
            [
              -70.49951813356847,
              -33.60852560373851
            ],
            [
              -70.50178679468253,
              -33.60874253908713
            ],
            [
              -70.50531836850847,
              -33.60805768283237
            ],
            [
              -70.50815029486522,
              -33.60915417697798
            ],
            [
              -70.50823838725526,
              -33.61211803610591
            ],
            [
              -70.50888330037414,
              -33.613485622856764
            ],
            [
              -70.511077946597,
              -33.613642192172236
            ],
            [
              -70.51219235431765,
              -33.614698392290194
            ],
            [
              -70.5139472078353,
              -33.61476867834371
            ],
            [
              -70.5161539103476,
              -33.61351897129867
            ],
            [
              -70.51792657027077,
              -33.61357361537522
            ],
            [
              -70.51795773642125,
              -33.615346071693764
            ],
            [
              -70.5190733191383,
              -33.61646329003827
            ],
            [
              -70.52660835899539,
              -33.616981838673304
            ],
            [
              -70.52936054819261,
              -33.61560297008651
            ],
            [
              -70.53205354649742,
              -33.61604341246542
            ],
            [
              -70.53416093306853,
              -33.61745390409353
            ],
            [
              -70.53803038842564,
              -33.61933144867036
            ],
            [
              -70.53975685877357,
              -33.619860126646024
            ],
            [
              -70.54163394425528,
              -33.61960749962468
            ],
            [
              -70.5436379652799,
              -33.618283444302214
            ],
            [
              -70.5486447407873,
              -33.61837369706759
            ],
            [
              -70.55202275390361,
              -33.61930940563918
            ],
            [
              -70.5541784114465,
              -33.62033692491716
            ],
            [
              -70.55740549412035,
              -33.620999263248486
            ],
            [
              -70.56467185596081,
              -33.62041351915553
            ],
            [
              -70.56642924452417,
              -33.620977038121225
            ],
            [
              -70.56708285423332,
              -33.62478944067514
            ],
            [
              -70.56808121938221,
              -33.62544920979164
            ],
            [
              -70.57140927538893,
              -33.625620905940295
            ],
            [
              -70.5761526091595,
              -33.62727225372147
            ],
            [
              -70.57811604340124,
              -33.628744909142995
            ],
            [
              -70.5807292856819,
              -33.633785435854584
            ],
            [
              -70.58293962547276,
              -33.634765864474645
            ],
            [
              -70.58486639138296,
              -33.63422145927158
            ],
            [
              -70.5868070614171,
              -33.634441171312105
            ],
            [
              -70.58943327716707,
              -33.63618024539715
            ],
            [
              -70.59162698375215,
              -33.63823045670095
            ],
            [
              -70.5962026227204,
              -33.63766710892866
            ],
            [
              -70.59748807416273,
              -33.638017300660444
            ],
            [
              -70.6001147830878,
              -33.63975613500416
            ],
            [
              -70.60574080235483,
              -33.64163934921616
            ],
            [
              -70.60978166614962,
              -33.641785446647205
            ],
            [
              -70.61452709838468,
              -33.641509615584404
            ],
            [
              -70.61636582580374,
              -33.642127419848364
            ],
            [
              -70.6196175169265,
              -33.644041089731076
            ],
            [
              -70.6229643261631,
              -33.644195919379726
            ],
            [
              -70.6267237082535,
              -33.64200684226949
            ],
            [
              -70.62934381725616,
              -33.64142218332864
            ],
            [
              -70.6312339399876,
              -33.64283960413814
            ],
            [
              -70.62977271519361,
              -33.63231574544885
            ],
            [
              -70.62869155771487,
              -33.627793975336964
            ],
            [
              -70.62868334711317,
              -33.62779447274676
            ],
            [
              -70.62651220171647,
              -33.61881354030152
            ],
            [
              -70.62659136215761,
              -33.61065319056462
            ],
            [
              -70.62692019855221,
              -33.60467334637981
            ],
            [
              -70.61958077223812,
              -33.60385864202777
            ],
            [
              -70.60596547370234,
              -33.6020185090256
            ],
            [
              -70.60852284975546,
              -33.58692189100488
            ],
            [
              -70.60935566438064,
              -33.586637755821016
            ],
            [
              -70.61129758846293,
              -33.57057045887831
            ],
            [
              -70.61114406997413,
              -33.57054627544982
            ],
            [
              -70.60733256852929,
              -33.56926798037367
            ],
            [
              -70.59994949666877,
              -33.56729676791459
            ],
            [
              -70.59773225691822,
              -33.56791162736106
            ],
            [
              -70.59224021418927,
              -33.57011747990751
            ],
            [
              -70.58846682466866,
              -33.56999590040107
            ],
            [
              -70.58373853228923,
              -33.569456196819935
            ],
            [
              -70.58447343234506,
              -33.56558482512455
            ],
            [
              -70.56216039909008,
              -33.5616795812671
            ],
            [
              -70.55735799120812,
              -33.56078284955461
            ],
            [
              -70.56825930140414,
              -33.54774006864354
            ],
            [
              -70.56538312852804,
              -33.54764962442997
            ],
            [
              -70.55143104620237,
              -33.54802543989947
            ],
            [
              -70.54851209645076,
              -33.54957759186111
            ],
            [
              -70.54712320130852,
              -33.551956611216404
            ],
            [
              -70.5437782183469,
              -33.550870480644996
            ],
            [
              -70.54128693673911,
              -33.5504432606491
            ],
            [
              -70.53748221667634,
              -33.54884922945845
            ],
            [
              -70.53298967816008,
              -33.54618475638514
            ],
            [
              -70.53211386926706,
              -33.54500254192088
            ],
            [
              -70.53044631133379,
              -33.54416418772219
            ],
            [
              -70.52713655939931,
              -33.543918709330306
            ],
            [
              -70.52553108134039,
              -33.54336587426652
            ],
            [
              -70.52156385155112,
              -33.54290574982272
            ],
            [
              -70.51590746114265,
              -33.54333803097816
            ],
            [
              -70.51357951481309,
              -33.54375807000398
            ],
            [
              -70.50949356187924,
              -33.54523565768384
            ],
            [
              -70.50408261456259,
              -33.54648475469203
            ],
            [
              -70.50236208657027,
              -33.546314080185226
            ],
            [
              -70.49894206104477,
              -33.5438428557762
            ],
            [
              -70.4969793256923,
              -33.54348310079123
            ],
            [
              -70.49226816149037,
              -33.54425719167693
            ],
            [
              -70.4875459740616,
              -33.54343050797702
            ]
          ]
        ]
      },
      "properties": {
        "comuna": "Puente Alto",
        "zona": "Zona Cordillera",
        "n": 83,
        "cod_comuna": 13201
      }
    },
    {
      "type": "Feature",
      "geometry": {
        "type": "Polygon",
        "coordinates": [
          [
            [
              -70.68928298471418,
              -33.366237451843226
            ],
            [
              -70.68943843547913,
              -33.363803199592944
            ],
            [
              -70.69335833752766,
              -33.35160792465872
            ],
            [
              -70.6886910623156,
              -33.3474911863351
            ],
            [
              -70.68784584554959,
              -33.345557545009264
            ],
            [
              -70.68744554458088,
              -33.34255252876406
            ],
            [
              -70.6852483633123,
              -33.340678680158234
            ],
            [
              -70.68268851689216,
              -33.33987332876732
            ],
            [
              -70.6804064735753,
              -33.33837938715884
            ],
            [
              -70.68009725099662,
              -33.33754874758982
            ],
            [
              -70.68114751451442,
              -33.33575192433708
            ],
            [
              -70.68087641374146,
              -33.33416580774404
            ],
            [
              -70.68129111111092,
              -33.330999975685295
            ],
            [
              -70.67821974689998,
              -33.32966767941431
            ],
            [
              -70.67350517718484,
              -33.329769054153765
            ],
            [
              -70.6681286488183,
              -33.3282479800892
            ],
            [
              -70.66262070141725,
              -33.32938879675865
            ],
            [
              -70.6586962134692,
              -33.32849466906575
            ],
            [
              -70.65754915288629,
              -33.32921131486857
            ],
            [
              -70.65539614447515,
              -33.33206833051317
            ],
            [
              -70.6516961679745,
              -33.334114392311264
            ],
            [
              -70.64953409915543,
              -33.337146671136246
            ],
            [
              -70.64783409946399,
              -33.33833482692283
            ],
            [
              -70.64689779532482,
              -33.34012181672897
            ],
            [
              -70.64511713320906,
              -33.341874627044696
            ],
            [
              -70.63851016353323,
              -33.34275500724122
            ],
            [
              -70.63556959582432,
              -33.341228062409336
            ],
            [
              -70.63286242300263,
              -33.34033540407885
            ],
            [
              -70.63156981198748,
              -33.34077638730818
            ],
            [
              -70.62410728324178,
              -33.340778918634456
            ],
            [
              -70.6210751466627,
              -33.34214038703684
            ],
            [
              -70.61952745812431,
              -33.34239648037899
            ],
            [
              -70.61669636450581,
              -33.34185046905192
            ],
            [
              -70.61399323410289,
              -33.34086750600292
            ],
            [
              -70.60786595850057,
              -33.33958296795824
            ],
            [
              -70.60584734344586,
              -33.339732173288475
            ],
            [
              -70.60152216196533,
              -33.33838055867058
            ],
            [
              -70.5983440213048,
              -33.33844345029139
            ],
            [
              -70.59609340285323,
              -33.33705878995557
            ],
            [
              -70.59534031640445,
              -33.338114896776666
            ],
            [
              -70.5927341672213,
              -33.33860123412913
            ],
            [
              -70.59092857416147,
              -33.33973929756002
            ],
            [
              -70.58887940381065,
              -33.345758126180066
            ],
            [
              -70.58810795759412,
              -33.34670870459962
            ],
            [
              -70.5825152065353,
              -33.35096553987421
            ],
            [
              -70.58418821814068,
              -33.3526119582835
            ],
            [
              -70.58560689512953,
              -33.353012005637176
            ],
            [
              -70.5868333973263,
              -33.35425051188768
            ],
            [
              -70.58978786646423,
              -33.354630868586376
            ],
            [
              -70.59262751204425,
              -33.35553517646057
            ],
            [
              -70.59638326494087,
              -33.35886639630373
            ],
            [
              -70.59736718518,
              -33.36045640046416
            ],
            [
              -70.60106200624924,
              -33.36270828710606
            ],
            [
              -70.59734012073714,
              -33.36578735372935
            ],
            [
              -70.59777787157171,
              -33.371565197901276
            ],
            [
              -70.5990877410201,
              -33.37280264716089
            ],
            [
              -70.60008910205048,
              -33.375333026427256
            ],
            [
              -70.60015618194767,
              -33.378990354025085
            ],
            [
              -70.6028956294409,
              -33.38118488694048
            ],
            [
              -70.60389089719868,
              -33.38336689555966
            ],
            [
              -70.60326242774106,
              -33.385326083992524
            ],
            [
              -70.60200087058698,
              -33.38673602873675
            ],
            [
              -70.60145144389122,
              -33.38848503657607
            ],
            [
              -70.60226527621612,
              -33.38983330946816
            ],
            [
              -70.60585685031651,
              -33.39316638781232
            ],
            [
              -70.60854163442636,
              -33.39685952701151
            ],
            [
              -70.61007145188049,
              -33.400985675866636
            ],
            [
              -70.6105612376279,
              -33.40501700328579
            ],
            [
              -70.61804300199877,
              -33.39916517131067
            ],
            [
              -70.62495093604088,
              -33.39414798239606
            ],
            [
              -70.62789357526485,
              -33.392585369809225
            ],
            [
              -70.6413793942288,
              -33.3826949885308
            ],
            [
              -70.64526298817017,
              -33.38076350285236
            ],
            [
              -70.65618880889872,
              -33.37677788798992
            ],
            [
              -70.65764330441289,
              -33.376225436894345
            ],
            [
              -70.65845709182204,
              -33.375834978341345
            ],
            [
              -70.68180256242634,
              -33.367046931758615
            ],
            [
              -70.68413682570898,
              -33.366517416885664
            ],
            [
              -70.68920992742707,
              -33.36624265256123
            ],
            [
              -70.68928298471418,
              -33.366237451843226
            ]
          ]
        ]
      },
      "properties": {
        "comuna": "Huechuraba",
        "zona": "Zona Norte",
        "n": 7,
        "cod_comuna": 13107
      }
    },
    {
      "type": "Feature",
      "geometry": {
        "type": "Polygon",
        "coordinates": [
          [
            [
              -70.76673923553383,
              -33.572199816552775
            ],
            [
              -70.76741849214434,
              -33.57196105824416
            ],
            [
              -70.76337683064558,
              -33.566433012817576
            ],
            [
              -70.75455318715782,
              -33.556490053150846
            ],
            [
              -70.74441594351829,
              -33.545204289365124
            ],
            [
              -70.732825992012,
              -33.531863610537634
            ],
            [
              -70.72652444593949,
              -33.52407644486145
            ],
            [
              -70.72639753015953,
              -33.52391494938123
            ],
            [
              -70.7067412221365,
              -33.53123973329313
            ],
            [
              -70.70673996449509,
              -33.53122523984342
            ],
            [
              -70.68576397203088,
              -33.53897398104592
            ],
            [
              -70.68576432147552,
              -33.538974614492595
            ],
            [
              -70.68537911759348,
              -33.53911189560608
            ],
            [
              -70.68553320291922,
              -33.53939945325552
            ],
            [
              -70.68735538876066,
              -33.54188559512964
            ],
            [
              -70.68739583899959,
              -33.54192161576016
            ],
            [
              -70.68657409161872,
              -33.541806795783195
            ],
            [
              -70.69194809931257,
              -33.553601172145754
            ],
            [
              -70.69291822142894,
              -33.55613084115966
            ],
            [
              -70.69546018778168,
              -33.555897696400166
            ],
            [
              -70.69701868035798,
              -33.56315404268422
            ],
            [
              -70.69709350822451,
              -33.56483017380407
            ],
            [
              -70.70079800953927,
              -33.57296619246111
            ],
            [
              -70.67667455837304,
              -33.58243941953699
            ],
            [
              -70.66324096476473,
              -33.58516405169583
            ],
            [
              -70.66324448526233,
              -33.585174728469916
            ],
            [
              -70.66681411441863,
              -33.59652430206987
            ],
            [
              -70.6706152133725,
              -33.60747749341306
            ],
            [
              -70.6659075993126,
              -33.60793910451979
            ],
            [
              -70.64315729492338,
              -33.60990916341381
            ],
            [
              -70.64434725904427,
              -33.61962125412403
            ],
            [
              -70.64221389139851,
              -33.619832499528925
            ],
            [
              -70.64314167591553,
              -33.6272230464918
            ],
            [
              -70.62911112574979,
              -33.62776855507516
            ],
            [
              -70.62869155771487,
              -33.627793975336964
            ],
            [
              -70.62977271519361,
              -33.63231574544885
            ],
            [
              -70.6312339399876,
              -33.64283960413814
            ],
            [
              -70.63338842702565,
              -33.644669864563674
            ],
            [
              -70.63723791732558,
              -33.64532193726523
            ],
            [
              -70.64057895758141,
              -33.64709630469293
            ],
            [
              -70.64380926700376,
              -33.647847992853606
            ],
            [
              -70.6480777549084,
              -33.6493806549109
            ],
            [
              -70.65239401342319,
              -33.650530296375514
            ],
            [
              -70.65699130897633,
              -33.65013254446965
            ],
            [
              -70.65931666815784,
              -33.65132390802341
            ],
            [
              -70.66023997636981,
              -33.65390149719675
            ],
            [
              -70.66172790897548,
              -33.655081600591785
            ],
            [
              -70.66753622875305,
              -33.65776946980828
            ],
            [
              -70.67007051630672,
              -33.658407731608165
            ],
            [
              -70.67342942405357,
              -33.66010448680987
            ],
            [
              -70.67680368041533,
              -33.66070057379811
            ],
            [
              -70.6806439872381,
              -33.66176406259486
            ],
            [
              -70.68534722380764,
              -33.661149791559716
            ],
            [
              -70.68819069531244,
              -33.662639298305415
            ],
            [
              -70.69138060300487,
              -33.663145823672174
            ],
            [
              -70.69596042812235,
              -33.66276206983729
            ],
            [
              -70.69800975208506,
              -33.662886774693945
            ],
            [
              -70.70137356553168,
              -33.66479662752522
            ],
            [
              -70.70606797345859,
              -33.665587739032205
            ],
            [
              -70.7100325316582,
              -33.66551764697068
            ],
            [
              -70.71124127775505,
              -33.66748761296345
            ],
            [
              -70.7132821225198,
              -33.66901815112502
            ],
            [
              -70.71418952785628,
              -33.670533800247746
            ],
            [
              -70.71443253471705,
              -33.67448852779626
            ],
            [
              -70.71610037651796,
              -33.68115902374874
            ],
            [
              -70.71824848911078,
              -33.685301195512324
            ],
            [
              -70.72111045333403,
              -33.687645411632495
            ],
            [
              -70.72268497544825,
              -33.69051178129619
            ],
            [
              -70.72434694316551,
              -33.6913444190342
            ],
            [
              -70.72591824212452,
              -33.693125805519934
            ],
            [
              -70.72761809269562,
              -33.69401896182912
            ],
            [
              -70.73029271326637,
              -33.69428714002781
            ],
            [
              -70.73334943493815,
              -33.69537521243841
            ],
            [
              -70.73603003469543,
              -33.69775212132066
            ],
            [
              -70.74195883741719,
              -33.69800484412365
            ],
            [
              -70.74449673979157,
              -33.698733096163146
            ],
            [
              -70.74986671494811,
              -33.70117872264621
            ],
            [
              -70.75320529022683,
              -33.70171209197412
            ],
            [
              -70.75667773155085,
              -33.70343548318901
            ],
            [
              -70.76068610418011,
              -33.70363814164987
            ],
            [
              -70.76398165734322,
              -33.70563902096616
            ],
            [
              -70.76814658386863,
              -33.70722985542313
            ],
            [
              -70.77017816251123,
              -33.710883754907826
            ],
            [
              -70.77440464159992,
              -33.71366549804474
            ],
            [
              -70.77653525051942,
              -33.71589662369903
            ],
            [
              -70.78028924271811,
              -33.717034564616235
            ],
            [
              -70.78313304210799,
              -33.720141682386696
            ],
            [
              -70.7858954397601,
              -33.72195085879919
            ],
            [
              -70.7909845359818,
              -33.72747023936278
            ],
            [
              -70.79568195146831,
              -33.730840461557285
            ],
            [
              -70.79835276497886,
              -33.73086275019897
            ],
            [
              -70.80265038255321,
              -33.73345909602517
            ],
            [
              -70.80458345463671,
              -33.73318633585132
            ],
            [
              -70.80769763974057,
              -33.7342868963432
            ],
            [
              -70.81060141604871,
              -33.736689426650905
            ],
            [
              -70.81169085240113,
              -33.738048863285236
            ],
            [
              -70.81243272158693,
              -33.74026912415199
            ],
            [
              -70.81229952478648,
              -33.74697974792016
            ],
            [
              -70.81437755171916,
              -33.75096835613625
            ],
            [
              -70.81632643415165,
              -33.75142871947201
            ],
            [
              -70.81774207393653,
              -33.752630378505984
            ],
            [
              -70.82107823454375,
              -33.754249953079714
            ],
            [
              -70.82475412451669,
              -33.751575358578435
            ],
            [
              -70.82607939647893,
              -33.74857245519029
            ],
            [
              -70.82593661645106,
              -33.74599637680264
            ],
            [
              -70.82507560550573,
              -33.74177353521359
            ],
            [
              -70.82372764928593,
              -33.740578048926864
            ],
            [
              -70.82168248452298,
              -33.73976108793319
            ],
            [
              -70.82052151622283,
              -33.73697899518884
            ],
            [
              -70.82126368544594,
              -33.73350589969168
            ],
            [
              -70.82107154568813,
              -33.73067272204802
            ],
            [
              -70.8213242094382,
              -33.72698589331837
            ],
            [
              -70.82285138854034,
              -33.72416412751212
            ],
            [
              -70.82355219483621,
              -33.7218702514944
            ],
            [
              -70.82438778615392,
              -33.72104731206298
            ],
            [
              -70.82364900088449,
              -33.72043696365961
            ],
            [
              -70.82029087557025,
              -33.71974654257932
            ],
            [
              -70.8184347352077,
              -33.719823240366985
            ],
            [
              -70.81189452832379,
              -33.72283578505853
            ],
            [
              -70.80984297923412,
              -33.72220294778641
            ],
            [
              -70.80635996833246,
              -33.72024655228286
            ],
            [
              -70.80683643835242,
              -33.71866802466033
            ],
            [
              -70.80570286777011,
              -33.71507521187062
            ],
            [
              -70.80469212563325,
              -33.71416237489255
            ],
            [
              -70.80430141777346,
              -33.71171197995392
            ],
            [
              -70.80332496433097,
              -33.710525522539136
            ],
            [
              -70.79899467143649,
              -33.70740035117384
            ],
            [
              -70.79770494491173,
              -33.704378690153064
            ],
            [
              -70.79568671882753,
              -33.70335034613567
            ],
            [
              -70.79426200695657,
              -33.700752124047774
            ],
            [
              -70.79183904671774,
              -33.69812419301555
            ],
            [
              -70.79144595023762,
              -33.69604757368032
            ],
            [
              -70.7927764261403,
              -33.694696493008074
            ],
            [
              -70.7938535142508,
              -33.691467246753604
            ],
            [
              -70.79385406132481,
              -33.69026895052287
            ],
            [
              -70.79632584949093,
              -33.68668625527167
            ],
            [
              -70.79562042315953,
              -33.683513336445706
            ],
            [
              -70.79912938010155,
              -33.68028575784847
            ],
            [
              -70.79945193906894,
              -33.677976748677104
            ],
            [
              -70.80123952270395,
              -33.674947329982786
            ],
            [
              -70.8019665948404,
              -33.67264312802797
            ],
            [
              -70.80354845978378,
              -33.672147261786705
            ],
            [
              -70.80329817297594,
              -33.6697061703601
            ],
            [
              -70.80246479151383,
              -33.668411890427215
            ],
            [
              -70.79875440443735,
              -33.66828120429279
            ],
            [
              -70.79784165322661,
              -33.66531290536113
            ],
            [
              -70.79522776775222,
              -33.663867909674735
            ],
            [
              -70.79368623986005,
              -33.6622251981461
            ],
            [
              -70.79253290454487,
              -33.660163221928265
            ],
            [
              -70.7872812114601,
              -33.656934278681
            ],
            [
              -70.7852523196785,
              -33.655157625554885
            ],
            [
              -70.78405490043907,
              -33.65334190104714
            ],
            [
              -70.782955743417,
              -33.653182683518
            ],
            [
              -70.76005490384405,
              -33.66172737570351
            ],
            [
              -70.75719681585124,
              -33.662908583015614
            ],
            [
              -70.75420579875598,
              -33.66285068493007
            ],
            [
              -70.7517757768607,
              -33.66330727028159
            ],
            [
              -70.74915734950423,
              -33.66442594503051
            ],
            [
              -70.74177862459139,
              -33.66323719729695
            ],
            [
              -70.73788749737807,
              -33.65642555279796
            ],
            [
              -70.73629296529089,
              -33.65044341617488
            ],
            [
              -70.73559845528685,
              -33.646413995251294
            ],
            [
              -70.73798983435356,
              -33.64492817866681
            ],
            [
              -70.74049317314908,
              -33.640938921993325
            ],
            [
              -70.74111657341352,
              -33.639136997446236
            ],
            [
              -70.74306670809753,
              -33.63635083793063
            ],
            [
              -70.74374317903232,
              -33.63445625325717
            ],
            [
              -70.74628678930203,
              -33.63248928206481
            ],
            [
              -70.7483638577323,
              -33.62919558019156
            ],
            [
              -70.752549108641,
              -33.62688346303249
            ],
            [
              -70.75459369129567,
              -33.6233600775582
            ],
            [
              -70.75691234545192,
              -33.62116626457576
            ],
            [
              -70.75679124267015,
              -33.620616220670435
            ],
            [
              -70.74906605102696,
              -33.619070586947025
            ],
            [
              -70.7467270131986,
              -33.61754039940565
            ],
            [
              -70.7469683231418,
              -33.6158818390625
            ],
            [
              -70.74838395214688,
              -33.61250543084903
            ],
            [
              -70.75128630013373,
              -33.60929190988058
            ],
            [
              -70.75206374529974,
              -33.60698207997774
            ],
            [
              -70.75435783232962,
              -33.603593084942034
            ],
            [
              -70.75333213953147,
              -33.60129012061458
            ],
            [
              -70.75038037611915,
              -33.599351579321244
            ],
            [
              -70.7458945084922,
              -33.59716048122234
            ],
            [
              -70.74348458909633,
              -33.59500091864228
            ],
            [
              -70.74533810637826,
              -33.59213534027028
            ],
            [
              -70.74606511114106,
              -33.58998877728156
            ],
            [
              -70.74730986081617,
              -33.588424270907666
            ],
            [
              -70.75016971489681,
              -33.58621067834577
            ],
            [
              -70.75083873789961,
              -33.584470111678655
            ],
            [
              -70.75310006965927,
              -33.58204388952187
            ],
            [
              -70.75278319702765,
              -33.579433295812116
            ],
            [
              -70.75644710437301,
              -33.57566123861424
            ],
            [
              -70.75835440199435,
              -33.57423452330981
            ],
            [
              -70.76171727400656,
              -33.574076171488876
            ],
            [
              -70.76348887930762,
              -33.57464030465297
            ],
            [
              -70.76495379438077,
              -33.57310920290776
            ],
            [
              -70.76673923553383,
              -33.572199816552775
            ]
          ]
        ]
      },
      "properties": {
        "comuna": "San Bernardo",
        "zona": "Zona Maipo",
        "n": 69,
        "cod_comuna": 13401
      }
    },
    {
      "type": "Feature",
      "geometry": {
        "type": "Polygon",
        "coordinates": [
          [
            [
              -70.68569720474738,
              -33.478108431112716
            ],
            [
              -70.68555609289098,
              -33.47861628231451
            ],
            [
              -70.68613736666019,
              -33.48205804128507
            ],
            [
              -70.68964888290243,
              -33.489879064432216
            ],
            [
              -70.69096822239055,
              -33.49324305155748
            ],
            [
              -70.69540912125271,
              -33.50243390291411
            ],
            [
              -70.69688983409847,
              -33.505671049203926
            ],
            [
              -70.7060027458875,
              -33.52413105496075
            ],
            [
              -70.70623311435054,
              -33.52537837732492
            ],
            [
              -70.7067412221365,
              -33.53123973329313
            ],
            [
              -70.72639753015953,
              -33.52391494938123
            ],
            [
              -70.72391602132372,
              -33.52075713721513
            ],
            [
              -70.71985594525997,
              -33.51612987501864
            ],
            [
              -70.7185227914794,
              -33.5140834811755
            ],
            [
              -70.72333689722299,
              -33.51003564516413
            ],
            [
              -70.73392705076752,
              -33.5097641669373
            ],
            [
              -70.74008714362378,
              -33.510122776183785
            ],
            [
              -70.7333366896409,
              -33.49637552720123
            ],
            [
              -70.73154790495835,
              -33.49490662766266
            ],
            [
              -70.73145656965015,
              -33.48275821258954
            ],
            [
              -70.72857043086431,
              -33.48339720238567
            ],
            [
              -70.72663128796613,
              -33.482276873007294
            ],
            [
              -70.724673063953,
              -33.48267963734498
            ],
            [
              -70.72373498384451,
              -33.480465920449205
            ],
            [
              -70.72237264739366,
              -33.47339477661442
            ],
            [
              -70.7224064465062,
              -33.47338439549951
            ],
            [
              -70.72014962249264,
              -33.474935292859165
            ],
            [
              -70.7122780548655,
              -33.482044476905365
            ],
            [
              -70.71187788774576,
              -33.482664680970345
            ],
            [
              -70.70191878541696,
              -33.480374936094094
            ],
            [
              -70.69907228658965,
              -33.47992270799529
            ],
            [
              -70.69215414499098,
              -33.478099282381876
            ],
            [
              -70.68569720474738,
              -33.478108431112716
            ]
          ]
        ]
      },
      "properties": {
        "comuna": "Cerrillos",
        "zona": "Zona Poniente",
        "n": 13,
        "cod_comuna": 13102
      }
    },
    {
      "type": "Feature",
      "geometry": {
        "type": "Polygon",
        "coordinates": [
          [
            [
              -70.72146195871481,
              -33.43662962313408
            ],
            [
              -70.72240565958201,
              -33.43893417047851
            ],
            [
              -70.72420819567493,
              -33.43768696409678
            ],
            [
              -70.73021018683784,
              -33.43625259447368
            ],
            [
              -70.7376948662418,
              -33.436398139147755
            ],
            [
              -70.74087253079523,
              -33.43638931810636
            ],
            [
              -70.74077016148041,
              -33.42990035400339
            ],
            [
              -70.7466867587924,
              -33.42997495121432
            ],
            [
              -70.75180254036795,
              -33.42853943226571
            ],
            [
              -70.75205358265895,
              -33.42844162576942
            ],
            [
              -70.75694910181839,
              -33.4273178826292
            ],
            [
              -70.76287820817072,
              -33.42769759960762
            ],
            [
              -70.76665125004332,
              -33.42589488901216
            ],
            [
              -70.767096711118,
              -33.426842128788486
            ],
            [
              -70.76973138989625,
              -33.42580649469359
            ],
            [
              -70.77209406150145,
              -33.42565551242189
            ],
            [
              -70.77565506952594,
              -33.424495325598315
            ],
            [
              -70.77712538976218,
              -33.423094484527304
            ],
            [
              -70.77791854466588,
              -33.42113098239273
            ],
            [
              -70.77937239608801,
              -33.42006301474404
            ],
            [
              -70.78102078217647,
              -33.417405901456064
            ],
            [
              -70.78210841471179,
              -33.416960831770794
            ],
            [
              -70.78224476729382,
              -33.413949476651155
            ],
            [
              -70.78226243535882,
              -33.413701661439156
            ],
            [
              -70.77787066625785,
              -33.413842910617824
            ],
            [
              -70.77670342232715,
              -33.41359911798921
            ],
            [
              -70.77302993265263,
              -33.414024334264276
            ],
            [
              -70.77192074773703,
              -33.41461648411413
            ],
            [
              -70.7666047024017,
              -33.413715349725514
            ],
            [
              -70.76236110914708,
              -33.41266326788049
            ],
            [
              -70.75942828940751,
              -33.41233831645312
            ],
            [
              -70.75649307925093,
              -33.41261525439582
            ],
            [
              -70.75185000016104,
              -33.4121700004399
            ],
            [
              -70.74755413542695,
              -33.41248907580771
            ],
            [
              -70.74444625087934,
              -33.412431489775834
            ],
            [
              -70.7405590196594,
              -33.412608145839364
            ],
            [
              -70.73709772103815,
              -33.412260176789744
            ],
            [
              -70.73196147134887,
              -33.4127132099448
            ],
            [
              -70.72787605740419,
              -33.413898511020946
            ],
            [
              -70.72281451341055,
              -33.41192423474947
            ],
            [
              -70.7224993260184,
              -33.41174664822434
            ],
            [
              -70.71591999930047,
              -33.41512453772739
            ],
            [
              -70.71669148683951,
              -33.41640751883429
            ],
            [
              -70.71848797727058,
              -33.424002363037495
            ],
            [
              -70.72024987358004,
              -33.43062594734662
            ],
            [
              -70.72146195871481,
              -33.43662962313408
            ]
          ]
        ]
      },
      "properties": {
        "comuna": "Cerro Navia",
        "zona": "Zona Poniente",
        "n": 16,
        "cod_comuna": 13103
      }
    },
    {
      "type": "Feature",
      "geometry": {
        "type": "Polygon",
        "coordinates": [
          [
            [
              -70.5176890521164,
              -33.37257856999891
            ],
            [
              -70.51757328173416,
              -33.37276386976682
            ],
            [
              -70.52494422544,
              -33.375874087439385
            ],
            [
              -70.5270933360611,
              -33.37714713471502
            ],
            [
              -70.53388518441228,
              -33.38381617811723
            ],
            [
              -70.54342881412556,
              -33.388143328409086
            ],
            [
              -70.55413744287965,
              -33.392324759766566
            ],
            [
              -70.56583136270199,
              -33.39632020306026
            ],
            [
              -70.57194387359431,
              -33.39814367036242
            ],
            [
              -70.58664482657511,
              -33.40416878646873
            ],
            [
              -70.59414978814155,
              -33.406338725907595
            ],
            [
              -70.59778065275583,
              -33.40767295234027
            ],
            [
              -70.5996745924289,
              -33.40833893866922
            ],
            [
              -70.60226312115776,
              -33.408404157609574
            ],
            [
              -70.60586968903854,
              -33.40927819331865
            ],
            [
              -70.61454235716809,
              -33.409165537048175
            ],
            [
              -70.61211170735041,
              -33.407996847382634
            ],
            [
              -70.6105612376279,
              -33.40501700328579
            ],
            [
              -70.61007145188049,
              -33.400985675866636
            ],
            [
              -70.60854163442636,
              -33.39685952701151
            ],
            [
              -70.60585685031651,
              -33.39316638781232
            ],
            [
              -70.60226527621612,
              -33.38983330946816
            ],
            [
              -70.60145144389122,
              -33.38848503657607
            ],
            [
              -70.60200087058698,
              -33.38673602873675
            ],
            [
              -70.60326242774106,
              -33.385326083992524
            ],
            [
              -70.60389089719868,
              -33.38336689555966
            ],
            [
              -70.6028956294409,
              -33.38118488694048
            ],
            [
              -70.60015618194767,
              -33.378990354025085
            ],
            [
              -70.60008910205048,
              -33.375333026427256
            ],
            [
              -70.5990877410201,
              -33.37280264716089
            ],
            [
              -70.59777787157171,
              -33.371565197901276
            ],
            [
              -70.59734012073714,
              -33.36578735372935
            ],
            [
              -70.60106200624924,
              -33.36270828710606
            ],
            [
              -70.59736718518,
              -33.36045640046416
            ],
            [
              -70.59638326494087,
              -33.35886639630373
            ],
            [
              -70.59262751204425,
              -33.35553517646057
            ],
            [
              -70.58978786646423,
              -33.354630868586376
            ],
            [
              -70.5868333973263,
              -33.35425051188768
            ],
            [
              -70.58560689512953,
              -33.353012005637176
            ],
            [
              -70.58418821814068,
              -33.3526119582835
            ],
            [
              -70.5825152065353,
              -33.35096553987421
            ],
            [
              -70.58014960103242,
              -33.35196667096966
            ],
            [
              -70.57716439334209,
              -33.35217876454558
            ],
            [
              -70.57539537788399,
              -33.3530722664289
            ],
            [
              -70.57340482619874,
              -33.35550155371267
            ],
            [
              -70.57154518959311,
              -33.355977991565716
            ],
            [
              -70.56759198879364,
              -33.355470551141515
            ],
            [
              -70.56610648163921,
              -33.35597705439564
            ],
            [
              -70.56414281383547,
              -33.357604484904186
            ],
            [
              -70.56025651686342,
              -33.358524433701
            ],
            [
              -70.55033506562313,
              -33.359275305310675
            ],
            [
              -70.54890372328708,
              -33.360468517021
            ],
            [
              -70.54771910324381,
              -33.36387873287674
            ],
            [
              -70.54484558848264,
              -33.36611828464206
            ],
            [
              -70.54118414162284,
              -33.370068928315874
            ],
            [
              -70.53958434450976,
              -33.370523915159744
            ],
            [
              -70.53422655320341,
              -33.370450849089
            ],
            [
              -70.53107392110368,
              -33.37062911717021
            ],
            [
              -70.52753797787223,
              -33.37018744267119
            ],
            [
              -70.52486368518656,
              -33.3694959318544
            ],
            [
              -70.51947133479293,
              -33.37036525441295
            ],
            [
              -70.5176890521164,
              -33.37257856999891
            ]
          ]
        ]
      },
      "properties": {
        "comuna": "Vitacura",
        "zona": "Zona Oriente",
        "n": 10,
        "cod_comuna": 13132
      }
    },
    {
      "type": "Feature",
      "geometry": {
        "type": "Polygon",
        "coordinates": [
          [
            [
              -70.66400255736092,
              -33.39915325063523
            ],
            [
              -70.66446148508001,
              -33.39911633815403
            ],
            [
              -70.66670443281738,
              -33.398954743962825
            ],
            [
              -70.66707535079146,
              -33.400136384754106
            ],
            [
              -70.67190153887562,
              -33.40028789736523
            ],
            [
              -70.67217675213594,
              -33.39971606822351
            ],
            [
              -70.67898382513458,
              -33.40218531529497
            ],
            [
              -70.68193372364435,
              -33.40301778343831
            ],
            [
              -70.68362147031532,
              -33.400309801272186
            ],
            [
              -70.68732520177386,
              -33.394163537541914
            ],
            [
              -70.68993100061404,
              -33.389387336465944
            ],
            [
              -70.69329218289519,
              -33.38192519567751
            ],
            [
              -70.6945492332015,
              -33.37911541242069
            ],
            [
              -70.70031642181712,
              -33.36616938107791
            ],
            [
              -70.69937289881634,
              -33.36593917453951
            ],
            [
              -70.69256989249101,
              -33.365903066479156
            ],
            [
              -70.68953075983248,
              -33.36621981576494
            ],
            [
              -70.68920992742707,
              -33.36624265256123
            ],
            [
              -70.68413682570898,
              -33.366517416885664
            ],
            [
              -70.68180256242634,
              -33.367046931758615
            ],
            [
              -70.65845709182204,
              -33.375834978341345
            ],
            [
              -70.65764330441289,
              -33.376225436894345
            ],
            [
              -70.65682464813491,
              -33.376536384374006
            ],
            [
              -70.65773332458753,
              -33.378398468473755
            ],
            [
              -70.65712039328939,
              -33.386782893913626
            ],
            [
              -70.65740364108161,
              -33.38883979057111
            ],
            [
              -70.65715533775393,
              -33.39207172419549
            ],
            [
              -70.65802133704403,
              -33.39858200050235
            ],
            [
              -70.65814993626682,
              -33.399078146967604
            ],
            [
              -70.66021016128552,
              -33.39941759451001
            ],
            [
              -70.66261042289376,
              -33.39925252705023
            ],
            [
              -70.66400255736092,
              -33.39915325063523
            ]
          ]
        ]
      },
      "properties": {
        "comuna": "Conchalí",
        "zona": "Zona Norte",
        "n": 17,
        "cod_comuna": 13104
      }
    },
    {
      "type": "Feature",
      "geometry": {
        "type": "Polygon",
        "coordinates": [
          [
            [
              -70.66324096476473,
              -33.58516405169583
            ],
            [
              -70.67667455837304,
              -33.58243941953699
            ],
            [
              -70.70079800953927,
              -33.57296619246111
            ],
            [
              -70.69709350822451,
              -33.56483017380407
            ],
            [
              -70.69701868035798,
              -33.56315404268422
            ],
            [
              -70.69546018778168,
              -33.555897696400166
            ],
            [
              -70.69291822142894,
              -33.55613084115966
            ],
            [
              -70.69194809931257,
              -33.553601172145754
            ],
            [
              -70.68657409161872,
              -33.541806795783195
            ],
            [
              -70.68739583899959,
              -33.54192161576016
            ],
            [
              -70.68735538876066,
              -33.54188559512964
            ],
            [
              -70.68553320291922,
              -33.53939945325552
            ],
            [
              -70.68538257700564,
              -33.53911835210941
            ],
            [
              -70.66825037503087,
              -33.54539960201702
            ],
            [
              -70.66666541000144,
              -33.54636996473571
            ],
            [
              -70.6567804079038,
              -33.54802340499666
            ],
            [
              -70.65468824238687,
              -33.54857319162005
            ],
            [
              -70.65350833490558,
              -33.548761560977496
            ],
            [
              -70.65319746122341,
              -33.54879198992154
            ],
            [
              -70.65354565451574,
              -33.550019667292204
            ],
            [
              -70.65470828290253,
              -33.55500002802806
            ],
            [
              -70.65488101276199,
              -33.554977152563254
            ],
            [
              -70.6567884541138,
              -33.56254743581672
            ],
            [
              -70.65993336609196,
              -33.57377818504651
            ],
            [
              -70.66068513471221,
              -33.575667818123534
            ],
            [
              -70.66281946086038,
              -33.5838855472758
            ],
            [
              -70.66324096476473,
              -33.58516405169583
            ]
          ]
        ]
      },
      "properties": {
        "comuna": "El Bosque",
        "zona": "Zona Sur",
        "n": 10,
        "cod_comuna": 13105
      }
    },
    {
      "type": "Feature",
      "geometry": {
        "type": "Polygon",
        "coordinates": [
          [
            [
              -70.68093206167838,
              -33.47846408896086
            ],
            [
              -70.68118990062278,
              -33.478463920373194
            ],
            [
              -70.68569636572091,
              -33.478111451467434
            ],
            [
              -70.68569720474738,
              -33.478108431112716
            ],
            [
              -70.69215414499098,
              -33.478099282381876
            ],
            [
              -70.69907228658965,
              -33.47992270799529
            ],
            [
              -70.70191878541696,
              -33.480374936094094
            ],
            [
              -70.71187788774576,
              -33.482664680970345
            ],
            [
              -70.7122780548655,
              -33.482044476905365
            ],
            [
              -70.72014962249264,
              -33.474935292859165
            ],
            [
              -70.7224064465062,
              -33.47338439549951
            ],
            [
              -70.72262736469246,
              -33.473316537565914
            ],
            [
              -70.72278109608199,
              -33.47300706428152
            ],
            [
              -70.73380542067468,
              -33.46962449252939
            ],
            [
              -70.7314055031212,
              -33.468140947758656
            ],
            [
              -70.73129287863908,
              -33.45491380774826
            ],
            [
              -70.72868430849624,
              -33.455413033475956
            ],
            [
              -70.71295688297961,
              -33.45844503713808
            ],
            [
              -70.71041567929655,
              -33.458290712138314
            ],
            [
              -70.70558601024068,
              -33.457160076049554
            ],
            [
              -70.70623488043839,
              -33.45236935669173
            ],
            [
              -70.70709218313822,
              -33.448793390478194
            ],
            [
              -70.70624812789387,
              -33.44875720366071
            ],
            [
              -70.6982617367088,
              -33.44771727011913
            ],
            [
              -70.69480597530296,
              -33.447863780460594
            ],
            [
              -70.69355900589078,
              -33.447837825273616
            ],
            [
              -70.69231430921626,
              -33.447935989926584
            ],
            [
              -70.69186257430763,
              -33.4446758657854
            ],
            [
              -70.69184798207417,
              -33.44448954627527
            ],
            [
              -70.67956271208008,
              -33.44393405213839
            ],
            [
              -70.67901619233258,
              -33.45072994520356
            ],
            [
              -70.67783056976945,
              -33.45094443163921
            ],
            [
              -70.67874456514686,
              -33.463737225290416
            ],
            [
              -70.67904805377908,
              -33.469436924990454
            ],
            [
              -70.68007407985218,
              -33.4707148341039
            ],
            [
              -70.67293942810036,
              -33.47063411904327
            ],
            [
              -70.67277718427522,
              -33.47517693050454
            ],
            [
              -70.67201676038721,
              -33.47653282709066
            ],
            [
              -70.67626070092838,
              -33.47666936134136
            ],
            [
              -70.68075539180808,
              -33.476479229974714
            ],
            [
              -70.68093206167838,
              -33.47846408896086
            ]
          ]
        ]
      },
      "properties": {
        "comuna": "Estación Central",
        "zona": "Zona Centro",
        "n": 56,
        "cod_comuna": 13106
      }
    },
    {
      "type": "Feature",
      "geometry": {
        "type": "Polygon",
        "coordinates": [
          [
            [
              -70.43790149436971,
              -33.492155344372094
            ],
            [
              -70.43716566904914,
              -33.49775304393397
            ],
            [
              -70.43898723145976,
              -33.50022534283171
            ],
            [
              -70.44310921042975,
              -33.504183300095875
            ],
            [
              -70.44846506856162,
              -33.5051643394028
            ],
            [
              -70.45051926139315,
              -33.50606867343238
            ],
            [
              -70.45477647454267,
              -33.509859374024714
            ],
            [
              -70.45543044447624,
              -33.51081360299496
            ],
            [
              -70.46146043432992,
              -33.51550516077362
            ],
            [
              -70.46392351871924,
              -33.51628733994804
            ],
            [
              -70.4658402378713,
              -33.51845991808674
            ],
            [
              -70.46747577445795,
              -33.52421494709557
            ],
            [
              -70.46922830133899,
              -33.52677121988974
            ],
            [
              -70.47363113678594,
              -33.52802345856486
            ],
            [
              -70.4761653120502,
              -33.52926576672451
            ],
            [
              -70.4797959547806,
              -33.53165629968416
            ],
            [
              -70.47999845211363,
              -33.536855618789644
            ],
            [
              -70.48092394951993,
              -33.53765588975227
            ],
            [
              -70.48458749125098,
              -33.53861410695795
            ],
            [
              -70.4868422150034,
              -33.54049600299652
            ],
            [
              -70.4875459740616,
              -33.54343050797702
            ],
            [
              -70.49226816149037,
              -33.54425719167693
            ],
            [
              -70.4969793256923,
              -33.54348310079123
            ],
            [
              -70.49894206104477,
              -33.5438428557762
            ],
            [
              -70.50236208657027,
              -33.546314080185226
            ],
            [
              -70.50408261456259,
              -33.54648475469203
            ],
            [
              -70.50949356187924,
              -33.54523565768384
            ],
            [
              -70.51357951481309,
              -33.54375807000398
            ],
            [
              -70.51590746114265,
              -33.54333803097816
            ],
            [
              -70.52156385155112,
              -33.54290574982272
            ],
            [
              -70.52553108134039,
              -33.54336587426652
            ],
            [
              -70.52713655939931,
              -33.543918709330306
            ],
            [
              -70.53044631133379,
              -33.54416418772219
            ],
            [
              -70.53211386926706,
              -33.54500254192088
            ],
            [
              -70.53298967816008,
              -33.54618475638514
            ],
            [
              -70.53748221667634,
              -33.54884922945845
            ],
            [
              -70.54128693673911,
              -33.5504432606491
            ],
            [
              -70.5437782183469,
              -33.550870480644996
            ],
            [
              -70.54712320130852,
              -33.551956611216404
            ],
            [
              -70.54851209645076,
              -33.54957759186111
            ],
            [
              -70.55143104620237,
              -33.54802543989947
            ],
            [
              -70.56538312852804,
              -33.54764962442997
            ],
            [
              -70.56825930140414,
              -33.54774006864354
            ],
            [
              -70.55735799120812,
              -33.56078284955461
            ],
            [
              -70.56216039909008,
              -33.5616795812671
            ],
            [
              -70.58447343234506,
              -33.56558482512455
            ],
            [
              -70.58373853228923,
              -33.569456196819935
            ],
            [
              -70.58846682466866,
              -33.56999590040107
            ],
            [
              -70.59224021418927,
              -33.57011747990751
            ],
            [
              -70.59773225691822,
              -33.56791162736106
            ],
            [
              -70.59994949666877,
              -33.56729676791459
            ],
            [
              -70.60733256852929,
              -33.56926798037367
            ],
            [
              -70.61114406997413,
              -33.57054627544982
            ],
            [
              -70.61127186161151,
              -33.570566406601394
            ],
            [
              -70.61251612978964,
              -33.56218428767057
            ],
            [
              -70.61044031361088,
              -33.56196308973301
            ],
            [
              -70.61223116621522,
              -33.55561163247965
            ],
            [
              -70.61485793083583,
              -33.54652363115366
            ],
            [
              -70.61055976978074,
              -33.5466549077746
            ],
            [
              -70.61013448486734,
              -33.53738798597513
            ],
            [
              -70.60974942651238,
              -33.526187393440736
            ],
            [
              -70.61102504679226,
              -33.51519301241747
            ],
            [
              -70.611309546836,
              -33.51266917516948
            ],
            [
              -70.61156275766007,
              -33.510388274748024
            ],
            [
              -70.61359470371362,
              -33.50842747641367
            ],
            [
              -70.61366381380337,
              -33.508351909307066
            ],
            [
              -70.61063404248841,
              -33.508414900376295
            ],
            [
              -70.59198746509925,
              -33.509829815205464
            ],
            [
              -70.59000328246935,
              -33.51015718845208
            ],
            [
              -70.58710078895545,
              -33.51004264836548
            ],
            [
              -70.57992962338227,
              -33.51064216823722
            ],
            [
              -70.57615805923831,
              -33.51076276993022
            ],
            [
              -70.56643414034247,
              -33.51163741909684
            ],
            [
              -70.56470557153004,
              -33.51144775547626
            ],
            [
              -70.55493119695964,
              -33.51203203943201
            ],
            [
              -70.54170809389377,
              -33.512531356995034
            ],
            [
              -70.53779388446922,
              -33.511471425159314
            ],
            [
              -70.52850344851204,
              -33.508617987052276
            ],
            [
              -70.52464021219167,
              -33.50828985371879
            ],
            [
              -70.52213628499962,
              -33.5061789080602
            ],
            [
              -70.5194195181707,
              -33.5047092752581
            ],
            [
              -70.5160071103588,
              -33.50193298024663
            ],
            [
              -70.50998407795699,
              -33.50117991473863
            ],
            [
              -70.50601658945294,
              -33.499988229167975
            ],
            [
              -70.50228907150398,
              -33.499695344748815
            ],
            [
              -70.49920623580688,
              -33.49777881337683
            ],
            [
              -70.49654109066577,
              -33.49927642957692
            ],
            [
              -70.49367578560796,
              -33.49957402048597
            ],
            [
              -70.49172798115384,
              -33.501062883305046
            ],
            [
              -70.48988310925822,
              -33.500709335546745
            ],
            [
              -70.488955566388,
              -33.501547195688374
            ],
            [
              -70.48568276305947,
              -33.501624021944615
            ],
            [
              -70.48435023809961,
              -33.499761321267144
            ],
            [
              -70.48317683172604,
              -33.49932441682256
            ],
            [
              -70.48108278334026,
              -33.4975083244869
            ],
            [
              -70.47855503911511,
              -33.49656161308445
            ],
            [
              -70.47678529512332,
              -33.49534273110597
            ],
            [
              -70.47197805071188,
              -33.494836315185
            ],
            [
              -70.46951701807468,
              -33.49516607270483
            ],
            [
              -70.46749788109877,
              -33.492447008450235
            ],
            [
              -70.46672996705793,
              -33.49211802869169
            ],
            [
              -70.46310191866206,
              -33.492386333395054
            ],
            [
              -70.46199993284516,
              -33.493526596447666
            ],
            [
              -70.45874132828799,
              -33.494429176963806
            ],
            [
              -70.45602627813957,
              -33.495663581041214
            ],
            [
              -70.45078199615588,
              -33.49583784496206
            ],
            [
              -70.45009804225477,
              -33.495169410846785
            ],
            [
              -70.44458527000234,
              -33.492678754091585
            ],
            [
              -70.44130088649146,
              -33.49204063587428
            ],
            [
              -70.43790149436971,
              -33.492155344372094
            ]
          ]
        ]
      },
      "properties": {
        "comuna": "La Florida",
        "zona": "Zona Sur",
        "n": 95,
        "cod_comuna": 13110
      }
    },
    {
      "type": "Feature",
      "geometry": {
        "type": "Polygon",
        "coordinates": [
          [
            [
              -70.63659489246542,
              -33.51872853582605
            ],
            [
              -70.63609880054472,
              -33.518669266213045
            ],
            [
              -70.6272524790876,
              -33.51770433691202
            ],
            [
              -70.61992566691673,
              -33.514328387436436
            ],
            [
              -70.61501579717059,
              -33.513107534924664
            ],
            [
              -70.6112656371849,
              -33.5130587044804
            ],
            [
              -70.61102504679226,
              -33.51519301241747
            ],
            [
              -70.60974942651238,
              -33.526187393440736
            ],
            [
              -70.61013448486734,
              -33.53738798597513
            ],
            [
              -70.61055976978074,
              -33.5466549077746
            ],
            [
              -70.61485793083583,
              -33.54652363115366
            ],
            [
              -70.61223116621522,
              -33.55561163247965
            ],
            [
              -70.6307091558767,
              -33.55980840729054
            ],
            [
              -70.6310197205384,
              -33.55806647353089
            ],
            [
              -70.633266489709,
              -33.54757126607127
            ],
            [
              -70.63410212145091,
              -33.54266561448711
            ],
            [
              -70.63460720101602,
              -33.534700469643205
            ],
            [
              -70.63546225343606,
              -33.52914815623331
            ],
            [
              -70.63659489246542,
              -33.51872853582605
            ]
          ]
        ]
      },
      "properties": {
        "comuna": "La Granja",
        "zona": "Zona Sur",
        "n": 15,
        "cod_comuna": 13111
      }
    },
    {
      "type": "Feature",
      "geometry": {
        "type": "Polygon",
        "coordinates": [
          [
            [
              -70.6310197205384,
              -33.55806647353089
            ],
            [
              -70.6307091558767,
              -33.55980840729054
            ],
            [
              -70.61223116621522,
              -33.55561163247965
            ],
            [
              -70.61044031361088,
              -33.56196308973301
            ],
            [
              -70.61251612978964,
              -33.56218428767057
            ],
            [
              -70.61127186161151,
              -33.570566406601394
            ],
            [
              -70.61129758846293,
              -33.57057045887831
            ],
            [
              -70.60935566438064,
              -33.586637755821016
            ],
            [
              -70.60852284975546,
              -33.58692189100488
            ],
            [
              -70.60596547370234,
              -33.6020185090256
            ],
            [
              -70.61958077223812,
              -33.60385864202777
            ],
            [
              -70.62692019855221,
              -33.60467334637981
            ],
            [
              -70.62659136215761,
              -33.61065319056462
            ],
            [
              -70.62651220171647,
              -33.61881354030152
            ],
            [
              -70.62868334711317,
              -33.62779447274676
            ],
            [
              -70.62911112574979,
              -33.62776855507516
            ],
            [
              -70.64314167591553,
              -33.6272230464918
            ],
            [
              -70.64221389139851,
              -33.619832499528925
            ],
            [
              -70.64434725904427,
              -33.61962125412403
            ],
            [
              -70.64315729492338,
              -33.60990916341381
            ],
            [
              -70.6659075993126,
              -33.60793910451979
            ],
            [
              -70.6706152133725,
              -33.60747749341306
            ],
            [
              -70.66681411441863,
              -33.59652430206987
            ],
            [
              -70.66324448526233,
              -33.585174728469916
            ],
            [
              -70.66281946086038,
              -33.5838855472758
            ],
            [
              -70.66068513471221,
              -33.575667818123534
            ],
            [
              -70.65993336609196,
              -33.57377818504651
            ],
            [
              -70.6567884541138,
              -33.56254743581672
            ],
            [
              -70.65488101276199,
              -33.554977152563254
            ],
            [
              -70.6538206207394,
              -33.55511758013778
            ],
            [
              -70.64406009908897,
              -33.55656623322207
            ],
            [
              -70.63207331680591,
              -33.55816576414093
            ],
            [
              -70.6310197205384,
              -33.55806647353089
            ]
          ]
        ]
      },
      "properties": {
        "comuna": "La Pintana",
        "zona": "Zona Sur",
        "n": 30,
        "cod_comuna": 13112
      }
    },
    {
      "type": "Feature",
      "geometry": {
        "type": "Polygon",
        "coordinates": [
          [
            [
              -70.51757328173416,
              -33.37276386976682
            ],
            [
              -70.51760913798873,
              -33.37270647784155
            ],
            [
              -70.51263463266127,
              -33.37099887613299
            ],
            [
              -70.50439805527967,
              -33.36955658410015
            ],
            [
              -70.49927480151757,
              -33.36715901992478
            ],
            [
              -70.49569885450988,
              -33.366956361882096
            ],
            [
              -70.49277606266382,
              -33.36461961131699
            ],
            [
              -70.48848955904616,
              -33.36471178918461
            ],
            [
              -70.48445588626522,
              -33.3642775107652
            ],
            [
              -70.47850235561866,
              -33.3663142119188
            ],
            [
              -70.47653232325112,
              -33.367381342735975
            ],
            [
              -70.47547523074053,
              -33.36877978487654
            ],
            [
              -70.48099637259646,
              -33.371221326418855
            ],
            [
              -70.48130706661557,
              -33.37282356324046
            ],
            [
              -70.48350208204602,
              -33.37684223642996
            ],
            [
              -70.48361234395894,
              -33.37916069516668
            ],
            [
              -70.48292984892183,
              -33.380715395227746
            ],
            [
              -70.47952288939211,
              -33.38468192739081
            ],
            [
              -70.48012226511261,
              -33.386578238396304
            ],
            [
              -70.47917609747162,
              -33.38932568623407
            ],
            [
              -70.47729519864153,
              -33.39131109949882
            ],
            [
              -70.47713377048666,
              -33.39434662904926
            ],
            [
              -70.47345422257388,
              -33.39480669838463
            ],
            [
              -70.4694100080631,
              -33.39467623854068
            ],
            [
              -70.4674318854681,
              -33.39511596691761
            ],
            [
              -70.46282644399199,
              -33.39534884721609
            ],
            [
              -70.4593722672143,
              -33.39657922465188
            ],
            [
              -70.45449198527871,
              -33.397350296208764
            ],
            [
              -70.45340122211464,
              -33.399980304642234
            ],
            [
              -70.45342144498831,
              -33.405452485842034
            ],
            [
              -70.45405006176964,
              -33.40913309284305
            ],
            [
              -70.45353473512206,
              -33.41651492901045
            ],
            [
              -70.45152372610283,
              -33.41927472039954
            ],
            [
              -70.44872647291939,
              -33.42168674846691
            ],
            [
              -70.44486923195522,
              -33.424348965482004
            ],
            [
              -70.43618189433708,
              -33.42665070358174
            ],
            [
              -70.43498497725588,
              -33.427199898996705
            ],
            [
              -70.43401742072798,
              -33.42875763514105
            ],
            [
              -70.43365833715946,
              -33.43280667849275
            ],
            [
              -70.4322108601826,
              -33.43538107923432
            ],
            [
              -70.43091784312894,
              -33.43872706211108
            ],
            [
              -70.43213685966444,
              -33.44382847712504
            ],
            [
              -70.43146852117789,
              -33.44633453913029
            ],
            [
              -70.42937731775663,
              -33.44861896821495
            ],
            [
              -70.42864768272668,
              -33.45172045892797
            ],
            [
              -70.42918139609148,
              -33.45397468035036
            ],
            [
              -70.42811448409653,
              -33.45815072917246
            ],
            [
              -70.42960083387068,
              -33.46223787342761
            ],
            [
              -70.43068666438552,
              -33.463533986885714
            ],
            [
              -70.4332606062708,
              -33.46469387053445
            ],
            [
              -70.43463226813262,
              -33.46610558952879
            ],
            [
              -70.4354451284804,
              -33.46805910175161
            ],
            [
              -70.43532390981596,
              -33.46930959869366
            ],
            [
              -70.43352686153112,
              -33.472245045215736
            ],
            [
              -70.43340356686005,
              -33.47337669021466
            ],
            [
              -70.43441645956372,
              -33.48097019136787
            ],
            [
              -70.43616950656933,
              -33.48185055714221
            ],
            [
              -70.43775839723652,
              -33.483497683119445
            ],
            [
              -70.43915293559539,
              -33.486605138610365
            ],
            [
              -70.44586269679424,
              -33.48541232414771
            ],
            [
              -70.44997239848924,
              -33.48316777851977
            ],
            [
              -70.45211236965064,
              -33.482454232022874
            ],
            [
              -70.45853358120044,
              -33.47808411167104
            ],
            [
              -70.46112061513269,
              -33.47605385667092
            ],
            [
              -70.46572594791265,
              -33.47540939448345
            ],
            [
              -70.47198560105187,
              -33.47543353409341
            ],
            [
              -70.47504499072002,
              -33.473593976286516
            ],
            [
              -70.47673800421352,
              -33.47193464642239
            ],
            [
              -70.47880269565579,
              -33.46912336133559
            ],
            [
              -70.48354386897807,
              -33.46500154797902
            ],
            [
              -70.48579304114206,
              -33.46385991046507
            ],
            [
              -70.48694676363112,
              -33.46175240069225
            ],
            [
              -70.48782645234782,
              -33.45924574772364
            ],
            [
              -70.48878663730052,
              -33.458217930467384
            ],
            [
              -70.48968253252325,
              -33.45571557622695
            ],
            [
              -70.49281620747554,
              -33.453710833088586
            ],
            [
              -70.49635739596995,
              -33.45038973061009
            ],
            [
              -70.49621545047695,
              -33.44668682394936
            ],
            [
              -70.50049567576909,
              -33.44316001803701
            ],
            [
              -70.50289717256084,
              -33.439557520323156
            ],
            [
              -70.5045550673166,
              -33.43819324776744
            ],
            [
              -70.50947819709464,
              -33.43570735301198
            ],
            [
              -70.51502492207155,
              -33.435377506397174
            ],
            [
              -70.51695673202205,
              -33.43470720176158
            ],
            [
              -70.51949041860281,
              -33.43316939068096
            ],
            [
              -70.5230285025196,
              -33.431611603270326
            ],
            [
              -70.53793385277027,
              -33.433433015552374
            ],
            [
              -70.53875763483526,
              -33.431660849225615
            ],
            [
              -70.53908126818773,
              -33.42892544293759
            ],
            [
              -70.54691934482446,
              -33.429872522194394
            ],
            [
              -70.55407522196981,
              -33.43042813034813
            ],
            [
              -70.56507574839402,
              -33.430939408817714
            ],
            [
              -70.57860025510233,
              -33.431351910966185
            ],
            [
              -70.58443758058208,
              -33.43178357378205
            ],
            [
              -70.58444555672348,
              -33.43178392463329
            ],
            [
              -70.58742029005761,
              -33.42893943171659
            ],
            [
              -70.59788169436068,
              -33.42077056445218
            ],
            [
              -70.60256780275269,
              -33.41737289872397
            ],
            [
              -70.60466884362461,
              -33.4170571643298
            ],
            [
              -70.60787298512274,
              -33.41548403657601
            ],
            [
              -70.60652766186503,
              -33.4106961202348
            ],
            [
              -70.60586968903854,
              -33.40927819331865
            ],
            [
              -70.60226312115776,
              -33.408404157609574
            ],
            [
              -70.5996745924289,
              -33.40833893866922
            ],
            [
              -70.59778065275583,
              -33.40767295234027
            ],
            [
              -70.59414978814155,
              -33.406338725907595
            ],
            [
              -70.58664482657511,
              -33.40416878646873
            ],
            [
              -70.57194387359431,
              -33.39814367036242
            ],
            [
              -70.56583136270199,
              -33.39632020306026
            ],
            [
              -70.55413744287965,
              -33.392324759766566
            ],
            [
              -70.54342881412556,
              -33.388143328409086
            ],
            [
              -70.53388518441228,
              -33.38381617811723
            ],
            [
              -70.5270933360611,
              -33.37714713471502
            ],
            [
              -70.52494422544,
              -33.375874087439385
            ],
            [
              -70.51757328173416,
              -33.37276386976682
            ]
          ]
        ]
      },
      "properties": {
        "comuna": "Las Condes",
        "zona": "Zona Oriente",
        "n": 58,
        "cod_comuna": 13114
      }
    },
    {
      "type": "Feature",
      "geometry": {
        "type": "Polygon",
        "coordinates": [
          [
            [
              -70.67123078392093,
              -33.510690174647394
            ],
            [
              -70.67133108800894,
              -33.51090202675089
            ],
            [
              -70.67509669183099,
              -33.519335266075984
            ],
            [
              -70.6770236059632,
              -33.52314691235707
            ],
            [
              -70.68273244630618,
              -33.533461768676354
            ],
            [
              -70.68576397203088,
              -33.53897398104592
            ],
            [
              -70.70673996449509,
              -33.53122523984342
            ],
            [
              -70.70623311435054,
              -33.52537837732492
            ],
            [
              -70.7060027458875,
              -33.52413105496075
            ],
            [
              -70.69688983409847,
              -33.505671049203926
            ],
            [
              -70.69540912125271,
              -33.50243390291411
            ],
            [
              -70.69410527411,
              -33.50243214334554
            ],
            [
              -70.68267560989817,
              -33.506354606192644
            ],
            [
              -70.67813386616218,
              -33.50829578146786
            ],
            [
              -70.67667146906678,
              -33.508365823103276
            ],
            [
              -70.67123078392093,
              -33.510690174647394
            ]
          ]
        ]
      },
      "properties": {
        "comuna": "Lo Espejo",
        "zona": "Zona Sur",
        "n": 21,
        "cod_comuna": 13116
      }
    },
    {
      "type": "Feature",
      "geometry": {
        "type": "Polygon",
        "coordinates": [
          [
            [
              -70.72868430849624,
              -33.455413033475956
            ],
            [
              -70.73158186397104,
              -33.45485849743555
            ],
            [
              -70.73892871486096,
              -33.45344213803982
            ],
            [
              -70.73944638161984,
              -33.446633950436095
            ],
            [
              -70.7406383660518,
              -33.445589158256254
            ],
            [
              -70.74052609281097,
              -33.44082468726167
            ],
            [
              -70.74080436483484,
              -33.43638950776589
            ],
            [
              -70.7376948662418,
              -33.436398139147755
            ],
            [
              -70.73021018683784,
              -33.43625259447368
            ],
            [
              -70.72420819567493,
              -33.43768696409678
            ],
            [
              -70.72240565958201,
              -33.43893417047851
            ],
            [
              -70.72146195871481,
              -33.43662962313408
            ],
            [
              -70.71097763030399,
              -33.43810305187524
            ],
            [
              -70.70707039360266,
              -33.43805488604149
            ],
            [
              -70.70734650068673,
              -33.44200119934417
            ],
            [
              -70.70713967437234,
              -33.44879542696532
            ],
            [
              -70.70709218313822,
              -33.448793390478194
            ],
            [
              -70.70623488043839,
              -33.45236935669173
            ],
            [
              -70.70558601024068,
              -33.457160076049554
            ],
            [
              -70.71041567929655,
              -33.458290712138314
            ],
            [
              -70.71295688297961,
              -33.45844503713808
            ],
            [
              -70.72868430849624,
              -33.455413033475956
            ]
          ]
        ]
      },
      "properties": {
        "comuna": "Lo Prado",
        "zona": "Zona Poniente",
        "n": 21,
        "cod_comuna": 13117
      }
    },
    {
      "type": "Feature",
      "geometry": {
        "type": "Polygon",
        "coordinates": [
          [
            [
              -70.57681955256238,
              -33.4702656931101
            ],
            [
              -70.57995944834802,
              -33.485573913964124
            ],
            [
              -70.58077511054117,
              -33.489989227527886
            ],
            [
              -70.5872621811777,
              -33.500310805018394
            ],
            [
              -70.5895341004813,
              -33.5060902674998
            ],
            [
              -70.59000328246935,
              -33.51015718845208
            ],
            [
              -70.59198746509925,
              -33.509829815205464
            ],
            [
              -70.61063404248841,
              -33.508414900376295
            ],
            [
              -70.61366381380337,
              -33.508351909307066
            ],
            [
              -70.61374654414946,
              -33.5082614493536
            ],
            [
              -70.61481046205958,
              -33.50388288834768
            ],
            [
              -70.61848753511376,
              -33.48752624707316
            ],
            [
              -70.61989638004182,
              -33.486085881778195
            ],
            [
              -70.62292495569912,
              -33.47521346071745
            ],
            [
              -70.62300047167517,
              -33.47493136048436
            ],
            [
              -70.59875192112248,
              -33.473696620437714
            ],
            [
              -70.59210254018548,
              -33.47388144524375
            ],
            [
              -70.58779866315022,
              -33.474423669016716
            ],
            [
              -70.58645648040276,
              -33.473755418053145
            ],
            [
              -70.58318732962415,
              -33.47307173782488
            ],
            [
              -70.5772940912045,
              -33.470028415734845
            ],
            [
              -70.57680877277899,
              -33.470235513050255
            ],
            [
              -70.57681955256238,
              -33.4702656931101
            ]
          ]
        ]
      },
      "properties": {
        "comuna": "Macul",
        "zona": "Zona Sur",
        "n": 10,
        "cod_comuna": 13118
      }
    },
    {
      "type": "Feature",
      "geometry": {
        "type": "Polygon",
        "coordinates": [
          [
            [
              -70.73442664521951,
              -33.4699703956661
            ],
            [
              -70.73380542067468,
              -33.46962449252939
            ],
            [
              -70.72278109608199,
              -33.47300706428152
            ],
            [
              -70.72262736469246,
              -33.473316537565914
            ],
            [
              -70.72237264739366,
              -33.47339477661442
            ],
            [
              -70.72373498384451,
              -33.480465920449205
            ],
            [
              -70.724673063953,
              -33.48267963734498
            ],
            [
              -70.72663128796613,
              -33.482276873007294
            ],
            [
              -70.72857043086431,
              -33.48339720238567
            ],
            [
              -70.73145656965015,
              -33.48275821258954
            ],
            [
              -70.73154790495835,
              -33.49490662766266
            ],
            [
              -70.7333366896409,
              -33.49637552720123
            ],
            [
              -70.74008714362378,
              -33.510122776183785
            ],
            [
              -70.73392705076752,
              -33.5097641669373
            ],
            [
              -70.72333689722299,
              -33.51003564516413
            ],
            [
              -70.7185227914794,
              -33.5140834811755
            ],
            [
              -70.71985594525997,
              -33.51612987501864
            ],
            [
              -70.72391602132372,
              -33.52075713721513
            ],
            [
              -70.72652444593949,
              -33.52407644486145
            ],
            [
              -70.732825992012,
              -33.531863610537634
            ],
            [
              -70.74441594351829,
              -33.545204289365124
            ],
            [
              -70.75455318715782,
              -33.556490053150846
            ],
            [
              -70.76337683064558,
              -33.566433012817576
            ],
            [
              -70.76741849214434,
              -33.57196105824416
            ],
            [
              -70.76761310676075,
              -33.571892651138114
            ],
            [
              -70.77313593924606,
              -33.570856000212615
            ],
            [
              -70.77866415802978,
              -33.56918082811821
            ],
            [
              -70.78555939797862,
              -33.56743165820411
            ],
            [
              -70.7887103933479,
              -33.56491070296492
            ],
            [
              -70.79867709272905,
              -33.556221898586024
            ],
            [
              -70.7998160738643,
              -33.55494568297474
            ],
            [
              -70.80464276590332,
              -33.550945294891484
            ],
            [
              -70.81598924881479,
              -33.543720322856075
            ],
            [
              -70.8137271211478,
              -33.54129946954877
            ],
            [
              -70.81091768680912,
              -33.53949367606219
            ],
            [
              -70.80851087827908,
              -33.53842806284284
            ],
            [
              -70.8055848704643,
              -33.535910666223906
            ],
            [
              -70.80554699389864,
              -33.53409354467378
            ],
            [
              -70.8042026318383,
              -33.532653905644096
            ],
            [
              -70.80445926704024,
              -33.530774868629564
            ],
            [
              -70.8052484451022,
              -33.53009044423652
            ],
            [
              -70.80889962331997,
              -33.528789566694
            ],
            [
              -70.81288810814716,
              -33.53097205374906
            ],
            [
              -70.8144649461182,
              -33.5334255827789
            ],
            [
              -70.81618397302567,
              -33.53481565548467
            ],
            [
              -70.81764771579739,
              -33.537467450512324
            ],
            [
              -70.81864730175676,
              -33.53812103339468
            ],
            [
              -70.82102911556233,
              -33.53753565950557
            ],
            [
              -70.82529226927079,
              -33.537119019610415
            ],
            [
              -70.8271974073422,
              -33.5361867737109
            ],
            [
              -70.82922696926698,
              -33.53670716162799
            ],
            [
              -70.83057212364142,
              -33.535940341177465
            ],
            [
              -70.83617357668037,
              -33.53444218994467
            ],
            [
              -70.83900094857866,
              -33.53495058226898
            ],
            [
              -70.84349184227963,
              -33.53421545626248
            ],
            [
              -70.84599568413171,
              -33.534964456593926
            ],
            [
              -70.8478016158564,
              -33.53599892954413
            ],
            [
              -70.85224970034253,
              -33.53766212847336
            ],
            [
              -70.85236445203523,
              -33.53644172287919
            ],
            [
              -70.8562276515247,
              -33.53316438342395
            ],
            [
              -70.85796977591475,
              -33.530974130987516
            ],
            [
              -70.86001005474088,
              -33.53033308040373
            ],
            [
              -70.8632675525736,
              -33.530838960619604
            ],
            [
              -70.86565090070168,
              -33.530747591142095
            ],
            [
              -70.86792080238915,
              -33.531545768038264
            ],
            [
              -70.86977659151043,
              -33.53157323322749
            ],
            [
              -70.8717226047239,
              -33.53270910263475
            ],
            [
              -70.87653991475808,
              -33.53180385046503
            ],
            [
              -70.87876201349602,
              -33.53038288880253
            ],
            [
              -70.88021443659686,
              -33.53013885096256
            ],
            [
              -70.88342140060159,
              -33.52831442216215
            ],
            [
              -70.88570767678006,
              -33.528335174215144
            ],
            [
              -70.88826071127541,
              -33.526908930756875
            ],
            [
              -70.89030037834883,
              -33.523215484627165
            ],
            [
              -70.8918705768716,
              -33.522303699274154
            ],
            [
              -70.89235817881456,
              -33.52035405573009
            ],
            [
              -70.89493134994532,
              -33.51987072858075
            ],
            [
              -70.89871915113804,
              -33.5173712081422
            ],
            [
              -70.90103157547779,
              -33.514061834427864
            ],
            [
              -70.90494779802691,
              -33.51139357553095
            ],
            [
              -70.9098090060341,
              -33.509543025076155
            ],
            [
              -70.91212913612236,
              -33.509618254837484
            ],
            [
              -70.91487215980872,
              -33.510852095532194
            ],
            [
              -70.91764972910765,
              -33.5106426820514
            ],
            [
              -70.91973712816369,
              -33.51125901569969
            ],
            [
              -70.92131019500717,
              -33.51141826760501
            ],
            [
              -70.92311642766748,
              -33.50922613718009
            ],
            [
              -70.92806430333664,
              -33.50831680946919
            ],
            [
              -70.930061602268,
              -33.5057886646521
            ],
            [
              -70.93004651146954,
              -33.50212659960632
            ],
            [
              -70.92830999616011,
              -33.498491270261745
            ],
            [
              -70.9261519742514,
              -33.496749172836886
            ],
            [
              -70.92569820915024,
              -33.49420370782889
            ],
            [
              -70.92422198608428,
              -33.49034234933127
            ],
            [
              -70.92142578662465,
              -33.488317463411136
            ],
            [
              -70.91516846641025,
              -33.487480161502575
            ],
            [
              -70.91327521125342,
              -33.48638366636829
            ],
            [
              -70.91236278702945,
              -33.48473369277579
            ],
            [
              -70.91082522519926,
              -33.48387640792389
            ],
            [
              -70.9060731633974,
              -33.48292181457181
            ],
            [
              -70.89499592174624,
              -33.478490988810925
            ],
            [
              -70.89194929893489,
              -33.478048062958464
            ],
            [
              -70.88582298722487,
              -33.47833722324822
            ],
            [
              -70.88371573629938,
              -33.478124609603064
            ],
            [
              -70.87912886210187,
              -33.47667704460386
            ],
            [
              -70.87673621551228,
              -33.476762212331614
            ],
            [
              -70.87017325520054,
              -33.47847662064602
            ],
            [
              -70.86283220832568,
              -33.47932136668629
            ],
            [
              -70.86015795336925,
              -33.479899937047065
            ],
            [
              -70.8495280844077,
              -33.47991221077697
            ],
            [
              -70.84834678274107,
              -33.47929356122486
            ],
            [
              -70.84794347780607,
              -33.476803371757974
            ],
            [
              -70.84385705415502,
              -33.4713824880623
            ],
            [
              -70.84214467388234,
              -33.46773714314943
            ],
            [
              -70.84066761178991,
              -33.46692697065826
            ],
            [
              -70.83494325035544,
              -33.466865074973356
            ],
            [
              -70.82919420770857,
              -33.46562852562406
            ],
            [
              -70.82676995748898,
              -33.46698582682205
            ],
            [
              -70.81853317079992,
              -33.46686222433561
            ],
            [
              -70.81454488989029,
              -33.46603972900478
            ],
            [
              -70.8097418864253,
              -33.462536930809534
            ],
            [
              -70.80644980075918,
              -33.46097840045983
            ],
            [
              -70.80470504071208,
              -33.463071358237386
            ],
            [
              -70.7966262622916,
              -33.46313384866624
            ],
            [
              -70.79666142325013,
              -33.46044085147478
            ],
            [
              -70.78386820267527,
              -33.46247108705889
            ],
            [
              -70.7798291202397,
              -33.46279824592204
            ],
            [
              -70.77979604786418,
              -33.4628003060615
            ],
            [
              -70.77719605753065,
              -33.46289642736355
            ],
            [
              -70.77580914586854,
              -33.45821066451304
            ],
            [
              -70.76505155354155,
              -33.4592583706225
            ],
            [
              -70.76346249668603,
              -33.46382144424879
            ],
            [
              -70.75367452880876,
              -33.46564704304109
            ],
            [
              -70.73791561015489,
              -33.468452626567455
            ],
            [
              -70.73694626058966,
              -33.47141090752383
            ],
            [
              -70.73442664521951,
              -33.4699703956661
            ]
          ]
        ]
      },
      "properties": {
        "comuna": "Maipú",
        "zona": "Zona Poniente",
        "n": 90,
        "cod_comuna": 13119
      }
    },
    {
      "type": "Feature",
      "geometry": {
        "type": "Polygon",
        "coordinates": [
          [
            [
              -70.57680877277899,
              -33.470235513050255
            ],
            [
              -70.5772940912045,
              -33.470028415734845
            ],
            [
              -70.58318732962415,
              -33.47307173782488
            ],
            [
              -70.58645648040276,
              -33.473755418053145
            ],
            [
              -70.58779866315022,
              -33.474423669016716
            ],
            [
              -70.59210254018548,
              -33.47388144524375
            ],
            [
              -70.59875192112248,
              -33.473696620437714
            ],
            [
              -70.62300047167517,
              -33.47493136048436
            ],
            [
              -70.62341581762824,
              -33.473379739208625
            ],
            [
              -70.62451271179414,
              -33.469997801717604
            ],
            [
              -70.62514935053095,
              -33.469602114534226
            ],
            [
              -70.6260710723181,
              -33.46857952623634
            ],
            [
              -70.63144738149572,
              -33.45010045758823
            ],
            [
              -70.63152659134423,
              -33.44983601240963
            ],
            [
              -70.61876467076878,
              -33.447265749333546
            ],
            [
              -70.61843245581042,
              -33.448377147848035
            ],
            [
              -70.6137443190225,
              -33.44756569035201
            ],
            [
              -70.6138907902279,
              -33.44683327756632
            ],
            [
              -70.60876530415233,
              -33.445744295148806
            ],
            [
              -70.59918310078076,
              -33.444679125668664
            ],
            [
              -70.59795325505452,
              -33.44483926831401
            ],
            [
              -70.59279266641092,
              -33.44777184593607
            ],
            [
              -70.59169769733468,
              -33.44647089008718
            ],
            [
              -70.5870007867014,
              -33.439208199027185
            ],
            [
              -70.5826116370878,
              -33.4342730278808
            ],
            [
              -70.58258741311785,
              -33.43424577846121
            ],
            [
              -70.58224166144646,
              -33.43377550216332
            ],
            [
              -70.58180627857097,
              -33.43405460497685
            ],
            [
              -70.57874542644551,
              -33.435752569534834
            ],
            [
              -70.57583083621797,
              -33.43675243286954
            ],
            [
              -70.57360799996319,
              -33.43793597547076
            ],
            [
              -70.57230954989869,
              -33.44390315381147
            ],
            [
              -70.57081066233812,
              -33.453509013206514
            ],
            [
              -70.57225756079995,
              -33.45901101977696
            ],
            [
              -70.5722503060057,
              -33.45901380172376
            ],
            [
              -70.57629879829389,
              -33.4688077545343
            ],
            [
              -70.57680877277899,
              -33.470235513050255
            ]
          ]
        ]
      },
      "properties": {
        "comuna": "Ñuñoa",
        "zona": "Zona Oriente",
        "n": 69,
        "cod_comuna": 13120
      }
    },
    {
      "type": "Feature",
      "geometry": {
        "type": "Polygon",
        "coordinates": [
          [
            [
              -70.67123078392093,
              -33.510690174647394
            ],
            [
              -70.67667146906678,
              -33.508365823103276
            ],
            [
              -70.67813386616218,
              -33.50829578146786
            ],
            [
              -70.68267560989817,
              -33.506354606192644
            ],
            [
              -70.69410527411,
              -33.50243214334554
            ],
            [
              -70.69540912125271,
              -33.50243390291411
            ],
            [
              -70.69096822239055,
              -33.49324305155748
            ],
            [
              -70.68964888290243,
              -33.489879064432216
            ],
            [
              -70.68613736666019,
              -33.48205804128507
            ],
            [
              -70.68555609289098,
              -33.47861628231451
            ],
            [
              -70.68569636572091,
              -33.478111451467434
            ],
            [
              -70.68118990062278,
              -33.478463920373194
            ],
            [
              -70.67168807940116,
              -33.47846976549604
            ],
            [
              -70.67172824846742,
              -33.47638717443428
            ],
            [
              -70.67119829455207,
              -33.476283654544325
            ],
            [
              -70.66106340988847,
              -33.476124935195514
            ],
            [
              -70.65506734131824,
              -33.47672474315737
            ],
            [
              -70.66174788660909,
              -33.49027877873259
            ],
            [
              -70.66342372161941,
              -33.49448219063007
            ],
            [
              -70.66608550167147,
              -33.500440260354495
            ],
            [
              -70.67039329446303,
              -33.508921268319845
            ],
            [
              -70.67123078392093,
              -33.510690174647394
            ]
          ]
        ]
      },
      "properties": {
        "comuna": "Pedro Aguirre Cerda",
        "zona": "Zona Sur",
        "n": 5,
        "cod_comuna": 13121
      }
    },
    {
      "type": "Feature",
      "geometry": {
        "type": "Polygon",
        "coordinates": [
          [
            [
              -70.75656785501518,
              -33.38378023724828
            ],
            [
              -70.76414839004984,
              -33.3897826402087
            ],
            [
              -70.78237251581204,
              -33.405248934659376
            ],
            [
              -70.78252411639771,
              -33.40621473854159
            ],
            [
              -70.78232542612484,
              -33.41281815544748
            ],
            [
              -70.78224476729382,
              -33.413949476651155
            ],
            [
              -70.78210841471179,
              -33.416960831770794
            ],
            [
              -70.78102078217647,
              -33.417405901456064
            ],
            [
              -70.77937239608801,
              -33.42006301474404
            ],
            [
              -70.77791854466588,
              -33.42113098239273
            ],
            [
              -70.77712538976218,
              -33.423094484527304
            ],
            [
              -70.77565506952594,
              -33.424495325598315
            ],
            [
              -70.77209406150145,
              -33.42565551242189
            ],
            [
              -70.76973138989625,
              -33.42580649469359
            ],
            [
              -70.767096711118,
              -33.426842128788486
            ],
            [
              -70.76665125004332,
              -33.42589488901216
            ],
            [
              -70.76287820817072,
              -33.42769759960762
            ],
            [
              -70.75694910181839,
              -33.4273178826292
            ],
            [
              -70.75205358265895,
              -33.42844162576942
            ],
            [
              -70.75180254036795,
              -33.42853943226571
            ],
            [
              -70.7466867587924,
              -33.42997495121432
            ],
            [
              -70.74077016148041,
              -33.42990035400339
            ],
            [
              -70.74087253079523,
              -33.43638931810636
            ],
            [
              -70.74080436483484,
              -33.43638950776589
            ],
            [
              -70.74052609281097,
              -33.44082468726167
            ],
            [
              -70.7406383660518,
              -33.445589158256254
            ],
            [
              -70.73944638161984,
              -33.446633950436095
            ],
            [
              -70.73892871486096,
              -33.45344213803982
            ],
            [
              -70.73158186397104,
              -33.45485849743555
            ],
            [
              -70.73129287863908,
              -33.45491380774826
            ],
            [
              -70.7314055031212,
              -33.468140947758656
            ],
            [
              -70.73442664521951,
              -33.4699703956661
            ],
            [
              -70.73694626058966,
              -33.47141090752383
            ],
            [
              -70.73791561015489,
              -33.468452626567455
            ],
            [
              -70.75367452880876,
              -33.46564704304109
            ],
            [
              -70.76346249668603,
              -33.46382144424879
            ],
            [
              -70.76505155354155,
              -33.4592583706225
            ],
            [
              -70.77580914586854,
              -33.45821066451304
            ],
            [
              -70.77719605753065,
              -33.46289642736355
            ],
            [
              -70.77979604786418,
              -33.4628003060615
            ],
            [
              -70.7798291202397,
              -33.46279824592204
            ],
            [
              -70.78386820267527,
              -33.46247108705889
            ],
            [
              -70.79666142325013,
              -33.46044085147478
            ],
            [
              -70.7966262622916,
              -33.46313384866624
            ],
            [
              -70.80470504071208,
              -33.463071358237386
            ],
            [
              -70.80644980075918,
              -33.46097840045983
            ],
            [
              -70.8097418864253,
              -33.462536930809534
            ],
            [
              -70.81454488989029,
              -33.46603972900478
            ],
            [
              -70.81853317079992,
              -33.46686222433561
            ],
            [
              -70.82676995748898,
              -33.46698582682205
            ],
            [
              -70.82919420770857,
              -33.46562852562406
            ],
            [
              -70.83494325035544,
              -33.466865074973356
            ],
            [
              -70.84066761178991,
              -33.46692697065826
            ],
            [
              -70.84214467388234,
              -33.46773714314943
            ],
            [
              -70.84385705415502,
              -33.4713824880623
            ],
            [
              -70.84794347780607,
              -33.476803371757974
            ],
            [
              -70.84834678274107,
              -33.47929356122486
            ],
            [
              -70.8495280844077,
              -33.47991221077697
            ],
            [
              -70.86015795336925,
              -33.479899937047065
            ],
            [
              -70.86283220832568,
              -33.47932136668629
            ],
            [
              -70.87017325520054,
              -33.47847662064602
            ],
            [
              -70.87673621551228,
              -33.476762212331614
            ],
            [
              -70.87912886210187,
              -33.47667704460386
            ],
            [
              -70.88371573629938,
              -33.478124609603064
            ],
            [
              -70.88582298722487,
              -33.47833722324822
            ],
            [
              -70.89194929893489,
              -33.478048062958464
            ],
            [
              -70.89499592174624,
              -33.478490988810925
            ],
            [
              -70.9060731633974,
              -33.48292181457181
            ],
            [
              -70.91082522519926,
              -33.48387640792389
            ],
            [
              -70.91236278702945,
              -33.48473369277579
            ],
            [
              -70.91327521125342,
              -33.48638366636829
            ],
            [
              -70.91516846641025,
              -33.487480161502575
            ],
            [
              -70.92142578662465,
              -33.488317463411136
            ],
            [
              -70.92163884724712,
              -33.487330469574424
            ],
            [
              -70.9268647559883,
              -33.48108993829028
            ],
            [
              -70.92929524680417,
              -33.47722329105095
            ],
            [
              -70.93256803755628,
              -33.475507565385705
            ],
            [
              -70.93581630070791,
              -33.47567884642882
            ],
            [
              -70.93772963141471,
              -33.47537147289301
            ],
            [
              -70.93882401478938,
              -33.47396709902928
            ],
            [
              -70.94241374285184,
              -33.47163582378606
            ],
            [
              -70.94386869471018,
              -33.47155752919703
            ],
            [
              -70.94806251195345,
              -33.46960496433249
            ],
            [
              -70.94870073082684,
              -33.468540620738814
            ],
            [
              -70.94848146913398,
              -33.46465977817538
            ],
            [
              -70.95042214815129,
              -33.46263158879505
            ],
            [
              -70.9505222591015,
              -33.461187282054276
            ],
            [
              -70.94934873325198,
              -33.45904164966588
            ],
            [
              -70.94977471076645,
              -33.45737023043499
            ],
            [
              -70.94988749694531,
              -33.45353963829367
            ],
            [
              -70.95149338733097,
              -33.451350340404005
            ],
            [
              -70.95384202994634,
              -33.449815054905294
            ],
            [
              -70.95492588506589,
              -33.447966737658085
            ],
            [
              -70.95511839223464,
              -33.44474536745955
            ],
            [
              -70.95423976352997,
              -33.4409858804693
            ],
            [
              -70.95433047181409,
              -33.4382453977885
            ],
            [
              -70.95379381826336,
              -33.43738636972419
            ],
            [
              -70.95041924838955,
              -33.43685081396841
            ],
            [
              -70.9496671851219,
              -33.436274025281065
            ],
            [
              -70.94831087456993,
              -33.43180306401677
            ],
            [
              -70.9483589793534,
              -33.42734097552423
            ],
            [
              -70.94705465430695,
              -33.421877725011946
            ],
            [
              -70.94713733075412,
              -33.41896420398114
            ],
            [
              -70.94676488564407,
              -33.41717308927618
            ],
            [
              -70.94888124458822,
              -33.415993486524734
            ],
            [
              -70.9514433610511,
              -33.412967396408135
            ],
            [
              -70.95023784799095,
              -33.408844000237565
            ],
            [
              -70.95047448399973,
              -33.403751824357464
            ],
            [
              -70.95202657967289,
              -33.40155886229971
            ],
            [
              -70.95201521418792,
              -33.39940497415491
            ],
            [
              -70.95040969211153,
              -33.39673496512962
            ],
            [
              -70.9487462260044,
              -33.39176077376832
            ],
            [
              -70.94831951815961,
              -33.38630579891717
            ],
            [
              -70.94666465611624,
              -33.38490941701726
            ],
            [
              -70.94366223401013,
              -33.38151147311278
            ],
            [
              -70.93742114186131,
              -33.37965261447605
            ],
            [
              -70.93330828887629,
              -33.37885783531744
            ],
            [
              -70.93179408593842,
              -33.377258930059995
            ],
            [
              -70.92871436290379,
              -33.376877409756254
            ],
            [
              -70.926360000715,
              -33.37586416050864
            ],
            [
              -70.92350769787262,
              -33.37547897851703
            ],
            [
              -70.91742019877279,
              -33.37280542736959
            ],
            [
              -70.91548806453045,
              -33.37059895047109
            ],
            [
              -70.91396281500954,
              -33.369804623482
            ],
            [
              -70.91110572324841,
              -33.36920136956967
            ],
            [
              -70.91025799569121,
              -33.36842995081744
            ],
            [
              -70.90732548766702,
              -33.36845030752752
            ],
            [
              -70.90378450758173,
              -33.370522924131166
            ],
            [
              -70.90199307736069,
              -33.37100878336342
            ],
            [
              -70.89970284590001,
              -33.373199147836345
            ],
            [
              -70.89579662339665,
              -33.37412402848302
            ],
            [
              -70.89247622193447,
              -33.37546470656657
            ],
            [
              -70.88774167278909,
              -33.37519057213835
            ],
            [
              -70.8815100686463,
              -33.37607840582249
            ],
            [
              -70.87796979463684,
              -33.37540156187849
            ],
            [
              -70.87565852553055,
              -33.37357465354149
            ],
            [
              -70.87439086701906,
              -33.37359380800243
            ],
            [
              -70.87089094623049,
              -33.375464165695256
            ],
            [
              -70.86291793275662,
              -33.37571709131774
            ],
            [
              -70.86013545416463,
              -33.37655682995626
            ],
            [
              -70.85328687001675,
              -33.37953241696613
            ],
            [
              -70.85058545809096,
              -33.38123699243704
            ],
            [
              -70.8476036981347,
              -33.381732583812074
            ],
            [
              -70.84318979364683,
              -33.38391231489927
            ],
            [
              -70.83919498468002,
              -33.38528849656428
            ],
            [
              -70.83755769458195,
              -33.3845846010675
            ],
            [
              -70.83698279795293,
              -33.38237655973504
            ],
            [
              -70.83256571432727,
              -33.38089034473729
            ],
            [
              -70.83289274151488,
              -33.37884625842121
            ],
            [
              -70.83223654645434,
              -33.37779199601401
            ],
            [
              -70.829508253342,
              -33.37619206744401
            ],
            [
              -70.82933927035559,
              -33.37475062669699
            ],
            [
              -70.82774629864205,
              -33.371789453970756
            ],
            [
              -70.82544336410496,
              -33.371104023554196
            ],
            [
              -70.82398352451314,
              -33.36950436057303
            ],
            [
              -70.82285097621363,
              -33.36573014401419
            ],
            [
              -70.82077015911368,
              -33.36268959917234
            ],
            [
              -70.81912904039585,
              -33.36277723165153
            ],
            [
              -70.81571457993353,
              -33.361498423438036
            ],
            [
              -70.81436486032084,
              -33.36034390375438
            ],
            [
              -70.81121401137693,
              -33.35933933131033
            ],
            [
              -70.81122351106107,
              -33.358021910705546
            ],
            [
              -70.80814447074604,
              -33.35515047097127
            ],
            [
              -70.80718972599072,
              -33.353495735587124
            ],
            [
              -70.8041317915933,
              -33.35162423853806
            ],
            [
              -70.8036836948616,
              -33.350581264418814
            ],
            [
              -70.80364071856009,
              -33.35047620325442
            ],
            [
              -70.79964929983517,
              -33.35304110166475
            ],
            [
              -70.78400428755934,
              -33.36482092808576
            ],
            [
              -70.77961192916356,
              -33.36789976690102
            ],
            [
              -70.77480444310532,
              -33.37187047928214
            ],
            [
              -70.76877132621613,
              -33.37627544191025
            ],
            [
              -70.7634127839182,
              -33.378985858448694
            ],
            [
              -70.75656785501518,
              -33.38378023724828
            ]
          ]
        ]
      },
      "properties": {
        "comuna": "Pudahuel",
        "zona": "Zona Poniente",
        "n": 55,
        "cod_comuna": 13124
      }
    },
    {
      "type": "Feature",
      "geometry": {
        "type": "Polygon",
        "coordinates": [
          [
            [
              -70.69617601031582,
              -33.38208641421948
            ],
            [
              -70.69636999970479,
              -33.38216000009379
            ],
            [
              -70.69760303714523,
              -33.38258736701783
            ],
            [
              -70.7025439068535,
              -33.38305859036193
            ],
            [
              -70.70435162622562,
              -33.38352019488621
            ],
            [
              -70.70489363104049,
              -33.38371798071218
            ],
            [
              -70.7075382335077,
              -33.38638988450791
            ],
            [
              -70.70820215138473,
              -33.38781699441561
            ],
            [
              -70.71123916401919,
              -33.391158943459416
            ],
            [
              -70.71470562885162,
              -33.39018939228442
            ],
            [
              -70.7162224647516,
              -33.39020942213387
            ],
            [
              -70.71953385251823,
              -33.3919281257875
            ],
            [
              -70.72340781831636,
              -33.392407839005934
            ],
            [
              -70.72587683967137,
              -33.391101430918305
            ],
            [
              -70.72754686437844,
              -33.39144749863462
            ],
            [
              -70.72845312705788,
              -33.39274796511928
            ],
            [
              -70.73018848982879,
              -33.39145168980437
            ],
            [
              -70.7320493777876,
              -33.39154887793479
            ],
            [
              -70.73343584119038,
              -33.392391214014125
            ],
            [
              -70.73713944957973,
              -33.393343176052426
            ],
            [
              -70.74039686656408,
              -33.389876881782506
            ],
            [
              -70.74286061121515,
              -33.389408049793936
            ],
            [
              -70.7484934442036,
              -33.3892323133701
            ],
            [
              -70.75077313034116,
              -33.38818702157985
            ],
            [
              -70.75100931629397,
              -33.38562652330563
            ],
            [
              -70.75415700855794,
              -33.384858367593964
            ],
            [
              -70.75656785501518,
              -33.38378023724828
            ],
            [
              -70.7634127839182,
              -33.378985858448694
            ],
            [
              -70.76877132621613,
              -33.37627544191025
            ],
            [
              -70.77480444310532,
              -33.37187047928214
            ],
            [
              -70.77961192916356,
              -33.36789976690102
            ],
            [
              -70.78400428755934,
              -33.36482092808576
            ],
            [
              -70.79964929983517,
              -33.35304110166475
            ],
            [
              -70.80364071856009,
              -33.35047620325442
            ],
            [
              -70.80360054230734,
              -33.35037798397019
            ],
            [
              -70.80187852580659,
              -33.347701558123184
            ],
            [
              -70.79879418273644,
              -33.34490293532442
            ],
            [
              -70.79778473597021,
              -33.34004999193242
            ],
            [
              -70.79787668482776,
              -33.338472729053
            ],
            [
              -70.79349060385917,
              -33.34126605761489
            ],
            [
              -70.76618833649933,
              -33.33519922253742
            ],
            [
              -70.74558277242734,
              -33.330426906659014
            ],
            [
              -70.73221865182816,
              -33.327390563704434
            ],
            [
              -70.73017490640338,
              -33.327053564195324
            ],
            [
              -70.72927463908013,
              -33.32682486497566
            ],
            [
              -70.71883390321513,
              -33.324609022072636
            ],
            [
              -70.71825824930634,
              -33.32588743163962
            ],
            [
              -70.70849678891646,
              -33.32281883990807
            ],
            [
              -70.70898718551827,
              -33.321140603996994
            ],
            [
              -70.7107314236442,
              -33.31896987957803
            ],
            [
              -70.70727226391165,
              -33.31890991046449
            ],
            [
              -70.70491615809287,
              -33.31958745192871
            ],
            [
              -70.69949011009628,
              -33.320468196989594
            ],
            [
              -70.69815515339695,
              -33.320970357971184
            ],
            [
              -70.69466262843814,
              -33.3236729482817
            ],
            [
              -70.69209162584046,
              -33.324048507774194
            ],
            [
              -70.6904381445077,
              -33.32543289602082
            ],
            [
              -70.69018599010239,
              -33.327381984544125
            ],
            [
              -70.68939852782265,
              -33.32860873509466
            ],
            [
              -70.68667869414533,
              -33.32879161481495
            ],
            [
              -70.6850147411513,
              -33.32964112223787
            ],
            [
              -70.68373186517888,
              -33.32922079377847
            ],
            [
              -70.68129111111092,
              -33.330999975685295
            ],
            [
              -70.68087641374146,
              -33.33416580774404
            ],
            [
              -70.68114751451442,
              -33.33575192433708
            ],
            [
              -70.68009725099662,
              -33.33754874758982
            ],
            [
              -70.6804064735753,
              -33.33837938715884
            ],
            [
              -70.68268851689216,
              -33.33987332876732
            ],
            [
              -70.6852483633123,
              -33.340678680158234
            ],
            [
              -70.68744554458088,
              -33.34255252876406
            ],
            [
              -70.68784584554959,
              -33.345557545009264
            ],
            [
              -70.6886910623156,
              -33.3474911863351
            ],
            [
              -70.69335833752766,
              -33.35160792465872
            ],
            [
              -70.68943843547913,
              -33.363803199592944
            ],
            [
              -70.68928298471418,
              -33.366237451843226
            ],
            [
              -70.68953075983248,
              -33.36621981576494
            ],
            [
              -70.69256989249101,
              -33.365903066479156
            ],
            [
              -70.69937289881634,
              -33.36593917453951
            ],
            [
              -70.70031642181712,
              -33.36616938107791
            ],
            [
              -70.6945492332015,
              -33.37911541242069
            ],
            [
              -70.69355219306765,
              -33.38134403052964
            ],
            [
              -70.69468908831482,
              -33.38168973877756
            ],
            [
              -70.69405247652749,
              -33.38342038368255
            ],
            [
              -70.69547663862946,
              -33.38377949465266
            ],
            [
              -70.69570913430309,
              -33.38296540279339
            ],
            [
              -70.69617601031582,
              -33.38208641421948
            ]
          ]
        ]
      },
      "properties": {
        "comuna": "Quilicura",
        "zona": "Zona Norte",
        "n": 53,
        "cod_comuna": 13125
      }
    },
    {
      "type": "Feature",
      "geometry": {
        "type": "Polygon",
        "coordinates": [
          [
            [
              -70.69304603193092,
              -33.415146135713734
            ],
            [
              -70.6911271693986,
              -33.41801962252072
            ],
            [
              -70.68662198799304,
              -33.420315705624894
            ],
            [
              -70.6843722534837,
              -33.42112553528321
            ],
            [
              -70.67769088443771,
              -33.4237787559975
            ],
            [
              -70.67412703504193,
              -33.42557308350756
            ],
            [
              -70.67138666947051,
              -33.426515008227476
            ],
            [
              -70.67151456441415,
              -33.42686868028982
            ],
            [
              -70.67182564201387,
              -33.42830867566198
            ],
            [
              -70.67665653816843,
              -33.42682759162251
            ],
            [
              -70.67816606986682,
              -33.42685593197152
            ],
            [
              -70.67987582975381,
              -33.42791124183008
            ],
            [
              -70.68071776946566,
              -33.42981657816209
            ],
            [
              -70.6804374115537,
              -33.43424583393612
            ],
            [
              -70.68018421510266,
              -33.437139104923816
            ],
            [
              -70.68007147473787,
              -33.43845094283913
            ],
            [
              -70.68017789186136,
              -33.438449500561475
            ],
            [
              -70.68133965606886,
              -33.436155697742116
            ],
            [
              -70.68381855619707,
              -33.43668263768001
            ],
            [
              -70.68544688200694,
              -33.438802177219564
            ],
            [
              -70.68656286267768,
              -33.4388768462386
            ],
            [
              -70.68845757130862,
              -33.43901336483822
            ],
            [
              -70.69155134848589,
              -33.43950336736862
            ],
            [
              -70.6916473523386,
              -33.44192784330524
            ],
            [
              -70.69186257430763,
              -33.4446758657854
            ],
            [
              -70.69231430921626,
              -33.447935989926584
            ],
            [
              -70.69355900589078,
              -33.447837825273616
            ],
            [
              -70.69480597530296,
              -33.447863780460594
            ],
            [
              -70.6982617367088,
              -33.44771727011913
            ],
            [
              -70.70624812789387,
              -33.44875720366071
            ],
            [
              -70.70713967437234,
              -33.44879542696532
            ],
            [
              -70.70734650068673,
              -33.44200119934417
            ],
            [
              -70.70707039360266,
              -33.43805488604149
            ],
            [
              -70.71097763030399,
              -33.43810305187524
            ],
            [
              -70.72146195871481,
              -33.43662962313408
            ],
            [
              -70.72024987358004,
              -33.43062594734662
            ],
            [
              -70.71848797727058,
              -33.424002363037495
            ],
            [
              -70.71669148683951,
              -33.41640751883429
            ],
            [
              -70.71591999930047,
              -33.41512453772739
            ],
            [
              -70.7224993260184,
              -33.41174664822434
            ],
            [
              -70.72263072528995,
              -33.411820682896135
            ],
            [
              -70.72270006175515,
              -33.41141329645721
            ],
            [
              -70.72133888047358,
              -33.410680698420904
            ],
            [
              -70.71822921934961,
              -33.40997620481283
            ],
            [
              -70.71666649840326,
              -33.40968663059546
            ],
            [
              -70.71246889296445,
              -33.407779171246034
            ],
            [
              -70.71008611706321,
              -33.40755042466747
            ],
            [
              -70.70527250000315,
              -33.40761514402266
            ],
            [
              -70.70402698765835,
              -33.407977093092164
            ],
            [
              -70.69566000005032,
              -33.41302000024449
            ],
            [
              -70.69304603193092,
              -33.415146135713734
            ]
          ]
        ]
      },
      "properties": {
        "comuna": "Quinta Normal",
        "zona": "Zona Poniente",
        "n": 4,
        "cod_comuna": 13126
      }
    },
    {
      "type": "Feature",
      "geometry": {
        "type": "Polygon",
        "coordinates": [
          [
            [
              -70.65160582889796,
              -33.43215089627406
            ],
            [
              -70.6517213234974,
              -33.43116632602501
            ],
            [
              -70.6510440539603,
              -33.42335649803601
            ],
            [
              -70.65011270672488,
              -33.41769969157688
            ],
            [
              -70.65291143584032,
              -33.417470382527526
            ],
            [
              -70.65297786805222,
              -33.41293560673804
            ],
            [
              -70.65348190467328,
              -33.41293160631521
            ],
            [
              -70.65355840340627,
              -33.409303455154756
            ],
            [
              -70.6531057369447,
              -33.40647859899401
            ],
            [
              -70.65721149952718,
              -33.40525400330963
            ],
            [
              -70.65817540350514,
              -33.40055331921882
            ],
            [
              -70.6581665910322,
              -33.39914240465658
            ],
            [
              -70.65802133704403,
              -33.39858200050235
            ],
            [
              -70.65715533775393,
              -33.39207172419549
            ],
            [
              -70.65740364108161,
              -33.38883979057111
            ],
            [
              -70.65712039328939,
              -33.386782893913626
            ],
            [
              -70.65773332458753,
              -33.378398468473755
            ],
            [
              -70.65682464813491,
              -33.376536384374006
            ],
            [
              -70.65618880889872,
              -33.37677788798992
            ],
            [
              -70.64526298817017,
              -33.38076350285236
            ],
            [
              -70.6413793942288,
              -33.3826949885308
            ],
            [
              -70.62789357526485,
              -33.392585369809225
            ],
            [
              -70.62495093604088,
              -33.39414798239606
            ],
            [
              -70.61804300199877,
              -33.39916517131067
            ],
            [
              -70.6105612376279,
              -33.40501700328579
            ],
            [
              -70.61211170735041,
              -33.407996847382634
            ],
            [
              -70.61454235716809,
              -33.409165537048175
            ],
            [
              -70.61676488260579,
              -33.410270621462
            ],
            [
              -70.62020396589004,
              -33.41426711267434
            ],
            [
              -70.62240134568631,
              -33.41625918056548
            ],
            [
              -70.62711369027451,
              -33.41943752369214
            ],
            [
              -70.63032367800851,
              -33.42002244545484
            ],
            [
              -70.63234740178225,
              -33.42159853580656
            ],
            [
              -70.63437867499765,
              -33.42578740796864
            ],
            [
              -70.6350493715618,
              -33.42832181511666
            ],
            [
              -70.6362427447892,
              -33.43076729494175
            ],
            [
              -70.63537176254422,
              -33.43570274492398
            ],
            [
              -70.63536430293412,
              -33.435924306197315
            ],
            [
              -70.64549537155439,
              -33.43359962758745
            ],
            [
              -70.65160582889796,
              -33.43215089627406
            ]
          ]
        ]
      },
      "properties": {
        "comuna": "Recoleta",
        "zona": "Zona Norte",
        "n": 20,
        "cod_comuna": 13127
      }
    },
    {
      "type": "Feature",
      "geometry": {
        "type": "Polygon",
        "coordinates": [
          [
            [
              -70.69617601031582,
              -33.38208641421948
            ],
            [
              -70.69570913430309,
              -33.38296540279339
            ],
            [
              -70.69547663862946,
              -33.38377949465266
            ],
            [
              -70.69405247652749,
              -33.38342038368255
            ],
            [
              -70.69468908831482,
              -33.38168973877756
            ],
            [
              -70.69355219306765,
              -33.38134403052964
            ],
            [
              -70.69329218289519,
              -33.38192519567751
            ],
            [
              -70.68993100061404,
              -33.389387336465944
            ],
            [
              -70.68732520177386,
              -33.394163537541914
            ],
            [
              -70.68362147031532,
              -33.400309801272186
            ],
            [
              -70.68193372364435,
              -33.40301778343831
            ],
            [
              -70.68059878940291,
              -33.40541900687439
            ],
            [
              -70.67870199129058,
              -33.41733076258092
            ],
            [
              -70.67712765602593,
              -33.42001238860496
            ],
            [
              -70.67447613922599,
              -33.422113459910435
            ],
            [
              -70.67118273123977,
              -33.42595104849611
            ],
            [
              -70.67138666947051,
              -33.426515008227476
            ],
            [
              -70.67412703504193,
              -33.42557308350756
            ],
            [
              -70.67769088443771,
              -33.4237787559975
            ],
            [
              -70.6843722534837,
              -33.42112553528321
            ],
            [
              -70.68662198799304,
              -33.420315705624894
            ],
            [
              -70.6911271693986,
              -33.41801962252072
            ],
            [
              -70.69304603193092,
              -33.415146135713734
            ],
            [
              -70.69566000005032,
              -33.41302000024449
            ],
            [
              -70.70402698765835,
              -33.407977093092164
            ],
            [
              -70.70527250000315,
              -33.40761514402266
            ],
            [
              -70.71008611706321,
              -33.40755042466747
            ],
            [
              -70.71246889296445,
              -33.407779171246034
            ],
            [
              -70.71666649840326,
              -33.40968663059546
            ],
            [
              -70.71822921934961,
              -33.40997620481283
            ],
            [
              -70.71960293753793,
              -33.41014694438457
            ],
            [
              -70.72270006175515,
              -33.41141329645721
            ],
            [
              -70.72263072528995,
              -33.411820682896135
            ],
            [
              -70.72281451341055,
              -33.41192423474947
            ],
            [
              -70.72787605740419,
              -33.413898511020946
            ],
            [
              -70.73196147134887,
              -33.4127132099448
            ],
            [
              -70.73709772103815,
              -33.412260176789744
            ],
            [
              -70.7405590196594,
              -33.412608145839364
            ],
            [
              -70.74444625087934,
              -33.412431489775834
            ],
            [
              -70.75185000016104,
              -33.4121700004399
            ],
            [
              -70.75649307925093,
              -33.41261525439582
            ],
            [
              -70.75942828940751,
              -33.41233831645312
            ],
            [
              -70.76236110914708,
              -33.41266326788049
            ],
            [
              -70.7666047024017,
              -33.413715349725514
            ],
            [
              -70.77192074773703,
              -33.41461648411413
            ],
            [
              -70.77302993265263,
              -33.414024334264276
            ],
            [
              -70.77670342232715,
              -33.41359911798921
            ],
            [
              -70.77787066625785,
              -33.413842910617824
            ],
            [
              -70.78226243535882,
              -33.413701661439156
            ],
            [
              -70.78232542612484,
              -33.41281815544748
            ],
            [
              -70.78252411639771,
              -33.40621473854159
            ],
            [
              -70.78237251581204,
              -33.405248934659376
            ],
            [
              -70.76414839004984,
              -33.3897826402087
            ],
            [
              -70.75656785501518,
              -33.38378023724828
            ],
            [
              -70.75415700855794,
              -33.384858367593964
            ],
            [
              -70.75100931629397,
              -33.38562652330563
            ],
            [
              -70.75077313034116,
              -33.38818702157985
            ],
            [
              -70.7484934442036,
              -33.3892323133701
            ],
            [
              -70.74286061121515,
              -33.389408049793936
            ],
            [
              -70.74039686656408,
              -33.389876881782506
            ],
            [
              -70.73713944957973,
              -33.393343176052426
            ],
            [
              -70.73343584119038,
              -33.392391214014125
            ],
            [
              -70.7320493777876,
              -33.39154887793479
            ],
            [
              -70.73018848982879,
              -33.39145168980437
            ],
            [
              -70.72845312705788,
              -33.39274796511928
            ],
            [
              -70.72754686437844,
              -33.39144749863462
            ],
            [
              -70.72587683967137,
              -33.391101430918305
            ],
            [
              -70.72340781831636,
              -33.392407839005934
            ],
            [
              -70.71953385251823,
              -33.3919281257875
            ],
            [
              -70.7162224647516,
              -33.39020942213387
            ],
            [
              -70.71470562885162,
              -33.39018939228442
            ],
            [
              -70.71123916401919,
              -33.391158943459416
            ],
            [
              -70.70820215138473,
              -33.38781699441561
            ],
            [
              -70.7075382335077,
              -33.38638988450791
            ],
            [
              -70.70489363104049,
              -33.38371798071218
            ],
            [
              -70.70435162622562,
              -33.38352019488621
            ],
            [
              -70.7025439068535,
              -33.38305859036193
            ],
            [
              -70.69760303714523,
              -33.38258736701783
            ],
            [
              -70.69636999970479,
              -33.38216000009379
            ],
            [
              -70.69617601031582,
              -33.38208641421948
            ]
          ]
        ]
      },
      "properties": {
        "comuna": "Renca",
        "zona": "Zona Norte",
        "n": 19,
        "cod_comuna": 13128
      }
    },
    {
      "type": "Feature",
      "geometry": {
        "type": "Polygon",
        "coordinates": [
          [
            [
              -70.93536930081916,
              -33.588115029747776
            ],
            [
              -70.93570194876551,
              -33.58381914850647
            ],
            [
              -70.93732035897126,
              -33.582258912021175
            ],
            [
              -70.93633943012205,
              -33.579180530129705
            ],
            [
              -70.93635912478632,
              -33.57751006024673
            ],
            [
              -70.93903694335948,
              -33.57489140786642
            ],
            [
              -70.94330902632187,
              -33.572199874933204
            ],
            [
              -70.94630055096529,
              -33.56833547130068
            ],
            [
              -70.94814990814912,
              -33.566922534057944
            ],
            [
              -70.94878012482995,
              -33.56452670911841
            ],
            [
              -70.94843244357733,
              -33.56064935019657
            ],
            [
              -70.9457897428436,
              -33.55994830076381
            ],
            [
              -70.94269754939619,
              -33.55831054031618
            ],
            [
              -70.94148057652795,
              -33.556648688755196
            ],
            [
              -70.93805489251446,
              -33.55518468821231
            ],
            [
              -70.93580339191728,
              -33.55124517859726
            ],
            [
              -70.9329856239077,
              -33.55042262769904
            ],
            [
              -70.93116545208912,
              -33.54730380106056
            ],
            [
              -70.92932794817546,
              -33.54628820241346
            ],
            [
              -70.92861020773817,
              -33.54286758825973
            ],
            [
              -70.92856549139995,
              -33.54094244061352
            ],
            [
              -70.92656086580917,
              -33.537592159228865
            ],
            [
              -70.92685695142512,
              -33.533869860685
            ],
            [
              -70.92498854816061,
              -33.53010817432724
            ],
            [
              -70.92448324222005,
              -33.52744650756872
            ],
            [
              -70.92301275489717,
              -33.524372702101935
            ],
            [
              -70.92263031333464,
              -33.52149547661641
            ],
            [
              -70.9228072338349,
              -33.51796901609199
            ],
            [
              -70.92220420915771,
              -33.51664350380453
            ],
            [
              -70.92006026654443,
              -33.51480808686225
            ],
            [
              -70.91973712816369,
              -33.51125901569969
            ],
            [
              -70.91764972910765,
              -33.5106426820514
            ],
            [
              -70.91487215980872,
              -33.510852095532194
            ],
            [
              -70.91212913612236,
              -33.509618254837484
            ],
            [
              -70.9098090060341,
              -33.509543025076155
            ],
            [
              -70.90494779802691,
              -33.51139357553095
            ],
            [
              -70.90103157547779,
              -33.514061834427864
            ],
            [
              -70.89871915113804,
              -33.5173712081422
            ],
            [
              -70.89493134994532,
              -33.51987072858075
            ],
            [
              -70.89235817881456,
              -33.52035405573009
            ],
            [
              -70.8918705768716,
              -33.522303699274154
            ],
            [
              -70.89030037834883,
              -33.523215484627165
            ],
            [
              -70.88826071127541,
              -33.526908930756875
            ],
            [
              -70.88570767678006,
              -33.528335174215144
            ],
            [
              -70.88342140060159,
              -33.52831442216215
            ],
            [
              -70.88021443659686,
              -33.53013885096256
            ],
            [
              -70.87876201349602,
              -33.53038288880253
            ],
            [
              -70.87653991475808,
              -33.53180385046503
            ],
            [
              -70.8717226047239,
              -33.53270910263475
            ],
            [
              -70.86977659151043,
              -33.53157323322749
            ],
            [
              -70.86792080238915,
              -33.531545768038264
            ],
            [
              -70.86565090070168,
              -33.530747591142095
            ],
            [
              -70.8632675525736,
              -33.530838960619604
            ],
            [
              -70.86001005474088,
              -33.53033308040373
            ],
            [
              -70.85796977591475,
              -33.530974130987516
            ],
            [
              -70.8562276515247,
              -33.53316438342395
            ],
            [
              -70.85236445203523,
              -33.53644172287919
            ],
            [
              -70.85224970034253,
              -33.53766212847336
            ],
            [
              -70.8478016158564,
              -33.53599892954413
            ],
            [
              -70.84599568413171,
              -33.534964456593926
            ],
            [
              -70.84349184227963,
              -33.53421545626248
            ],
            [
              -70.83900094857866,
              -33.53495058226898
            ],
            [
              -70.83617357668037,
              -33.53444218994467
            ],
            [
              -70.83057212364142,
              -33.535940341177465
            ],
            [
              -70.82922696926698,
              -33.53670716162799
            ],
            [
              -70.8271974073422,
              -33.5361867737109
            ],
            [
              -70.82529226927079,
              -33.537119019610415
            ],
            [
              -70.82102911556233,
              -33.53753565950557
            ],
            [
              -70.81864730175676,
              -33.53812103339468
            ],
            [
              -70.81764771579739,
              -33.537467450512324
            ],
            [
              -70.81618397302567,
              -33.53481565548467
            ],
            [
              -70.8144649461182,
              -33.5334255827789
            ],
            [
              -70.81288810814716,
              -33.53097205374906
            ],
            [
              -70.80889962331997,
              -33.528789566694
            ],
            [
              -70.8052484451022,
              -33.53009044423652
            ],
            [
              -70.80445926704024,
              -33.530774868629564
            ],
            [
              -70.8042026318383,
              -33.532653905644096
            ],
            [
              -70.80554699389864,
              -33.53409354467378
            ],
            [
              -70.8055848704643,
              -33.535910666223906
            ],
            [
              -70.80851087827908,
              -33.53842806284284
            ],
            [
              -70.81091768680912,
              -33.53949367606219
            ],
            [
              -70.8137271211478,
              -33.54129946954877
            ],
            [
              -70.81598924881479,
              -33.543720322856075
            ],
            [
              -70.80464276590332,
              -33.550945294891484
            ],
            [
              -70.7998160738643,
              -33.55494568297474
            ],
            [
              -70.79867709272905,
              -33.556221898586024
            ],
            [
              -70.7887103933479,
              -33.56491070296492
            ],
            [
              -70.78555939797862,
              -33.56743165820411
            ],
            [
              -70.77866415802978,
              -33.56918082811821
            ],
            [
              -70.77884300451802,
              -33.569153435509264
            ],
            [
              -70.7886673883003,
              -33.578293567361584
            ],
            [
              -70.79806935818482,
              -33.57333229058824
            ],
            [
              -70.80178602897671,
              -33.579613345228516
            ],
            [
              -70.80582152982926,
              -33.58739047138536
            ],
            [
              -70.80659924538816,
              -33.58962561211748
            ],
            [
              -70.80859248662938,
              -33.593694433626695
            ],
            [
              -70.81110951305489,
              -33.59619907271883
            ],
            [
              -70.81417874825857,
              -33.59353897595004
            ],
            [
              -70.81682390498631,
              -33.595857378138135
            ],
            [
              -70.81908564547943,
              -33.59861728424121
            ],
            [
              -70.83502100403487,
              -33.58568769026913
            ],
            [
              -70.83211139227065,
              -33.58358963924204
            ],
            [
              -70.83349429026005,
              -33.58239272147256
            ],
            [
              -70.84453558582511,
              -33.581222072764035
            ],
            [
              -70.84802474299994,
              -33.58059465876194
            ],
            [
              -70.84946633601169,
              -33.5768650080355
            ],
            [
              -70.85635747964281,
              -33.575696189117515
            ],
            [
              -70.86338917458161,
              -33.57526574264863
            ],
            [
              -70.86350753929838,
              -33.57593575962506
            ],
            [
              -70.86779287600449,
              -33.575776435712925
            ],
            [
              -70.86839256164376,
              -33.57544492658242
            ],
            [
              -70.87498982951452,
              -33.58123472277845
            ],
            [
              -70.87856474795122,
              -33.5836318763864
            ],
            [
              -70.88138171107029,
              -33.580705458453075
            ],
            [
              -70.8840116790832,
              -33.58139411295031
            ],
            [
              -70.88635072769135,
              -33.58305332397151
            ],
            [
              -70.88772364809292,
              -33.5812920231368
            ],
            [
              -70.88949953835787,
              -33.58300224152006
            ],
            [
              -70.88998237024667,
              -33.58450186012276
            ],
            [
              -70.89233225792704,
              -33.58589255683527
            ],
            [
              -70.89280289428754,
              -33.58923893174081
            ],
            [
              -70.89363381885735,
              -33.58990857158915
            ],
            [
              -70.8988265995275,
              -33.58773861196468
            ],
            [
              -70.90428762342965,
              -33.58709146453092
            ],
            [
              -70.90635950229253,
              -33.58656032635729
            ],
            [
              -70.90963720143938,
              -33.58637355110019
            ],
            [
              -70.91252546024928,
              -33.58733417859483
            ],
            [
              -70.91479054247527,
              -33.586872897963225
            ],
            [
              -70.91623503255383,
              -33.58603321251783
            ],
            [
              -70.92005293269845,
              -33.58558722047646
            ],
            [
              -70.92356021877403,
              -33.587022946689125
            ],
            [
              -70.92579097367805,
              -33.587204682736704
            ],
            [
              -70.93001916944725,
              -33.5888216529599
            ],
            [
              -70.93536930081916,
              -33.588115029747776
            ]
          ]
        ]
      },
      "properties": {
        "comuna": "Padre Hurtado",
        "zona": "Zona Talagante",
        "n": 15,
        "cod_comuna": 13604
      }
    },
    {
      "type": "Feature",
      "geometry": {
        "type": "Polygon",
        "coordinates": [
          [
            [
              -70.84802474299994,
              -33.58059465876194
            ],
            [
              -70.84453558582511,
              -33.581222072764035
            ],
            [
              -70.83349429026005,
              -33.58239272147256
            ],
            [
              -70.83211139227065,
              -33.58358963924204
            ],
            [
              -70.83502100403487,
              -33.58568769026913
            ],
            [
              -70.81908564547943,
              -33.59861728424121
            ],
            [
              -70.82023943264718,
              -33.60026386099828
            ],
            [
              -70.82269169323565,
              -33.605936739333096
            ],
            [
              -70.82532509730454,
              -33.61079657021856
            ],
            [
              -70.82960922757319,
              -33.61563192267924
            ],
            [
              -70.83516190748213,
              -33.62126215006557
            ],
            [
              -70.83900079406843,
              -33.62569272995535
            ],
            [
              -70.84095702022837,
              -33.62838663518929
            ],
            [
              -70.84336564874516,
              -33.62990960446945
            ],
            [
              -70.84368154400977,
              -33.63165471252671
            ],
            [
              -70.84571246508557,
              -33.633907953861296
            ],
            [
              -70.84952069935774,
              -33.63620830405236
            ],
            [
              -70.8678557068704,
              -33.63255511605917
            ],
            [
              -70.87373311338149,
              -33.631508570233684
            ],
            [
              -70.88609188712539,
              -33.63290437271043
            ],
            [
              -70.9119689727954,
              -33.63630044596114
            ],
            [
              -70.91382739218383,
              -33.64069140716863
            ],
            [
              -70.92179896386169,
              -33.64075188461613
            ],
            [
              -70.92158764776751,
              -33.639171447318574
            ],
            [
              -70.93177781205874,
              -33.639012539380246
            ],
            [
              -70.9339495009362,
              -33.64015704303184
            ],
            [
              -70.93460850053705,
              -33.641419083422775
            ],
            [
              -70.93421062501962,
              -33.643535432339085
            ],
            [
              -70.93515492236818,
              -33.64594110438354
            ],
            [
              -70.94141880567406,
              -33.64565671725652
            ],
            [
              -70.94217735747303,
              -33.646389489838185
            ],
            [
              -70.94717334331554,
              -33.64581439696397
            ],
            [
              -70.94970589262915,
              -33.646239931062276
            ],
            [
              -70.95201382988408,
              -33.644931229089146
            ],
            [
              -70.9578954809349,
              -33.64415548653394
            ],
            [
              -70.96081467502825,
              -33.64277673427474
            ],
            [
              -70.96253602318242,
              -33.64100976623981
            ],
            [
              -70.96264139736188,
              -33.63911523694843
            ],
            [
              -70.96428666000811,
              -33.63706320611756
            ],
            [
              -70.96443928557152,
              -33.635539935515595
            ],
            [
              -70.96672962213508,
              -33.63209683352556
            ],
            [
              -70.96663419320413,
              -33.627899258598845
            ],
            [
              -70.96702088918785,
              -33.62483915120977
            ],
            [
              -70.96785886193938,
              -33.624062290393574
            ],
            [
              -70.96474746700278,
              -33.622680311094236
            ],
            [
              -70.96094725199114,
              -33.618589258871005
            ],
            [
              -70.95891292091052,
              -33.61690364273956
            ],
            [
              -70.95783374152204,
              -33.614582576866006
            ],
            [
              -70.95615989358515,
              -33.61370245220989
            ],
            [
              -70.95452373087274,
              -33.60943376633304
            ],
            [
              -70.9547958009279,
              -33.606327848093024
            ],
            [
              -70.95447943674273,
              -33.60494902455065
            ],
            [
              -70.95229283133996,
              -33.601547895901575
            ],
            [
              -70.95018166825142,
              -33.59895678603467
            ],
            [
              -70.94583020745557,
              -33.59816642335063
            ],
            [
              -70.94194587689566,
              -33.59531665027532
            ],
            [
              -70.93907024929695,
              -33.59421661291851
            ],
            [
              -70.93669597774651,
              -33.59258365333146
            ],
            [
              -70.93636085943314,
              -33.59034616396667
            ],
            [
              -70.93536930081916,
              -33.588115029747776
            ],
            [
              -70.93001916944725,
              -33.5888216529599
            ],
            [
              -70.92579097367805,
              -33.587204682736704
            ],
            [
              -70.92356021877403,
              -33.587022946689125
            ],
            [
              -70.92005293269845,
              -33.58558722047646
            ],
            [
              -70.91623503255383,
              -33.58603321251783
            ],
            [
              -70.91479054247527,
              -33.586872897963225
            ],
            [
              -70.91252546024928,
              -33.58733417859483
            ],
            [
              -70.90963720143938,
              -33.58637355110019
            ],
            [
              -70.90635950229253,
              -33.58656032635729
            ],
            [
              -70.90428762342965,
              -33.58709146453092
            ],
            [
              -70.8988265995275,
              -33.58773861196468
            ],
            [
              -70.89363381885735,
              -33.58990857158915
            ],
            [
              -70.89280289428754,
              -33.58923893174081
            ],
            [
              -70.89233225792704,
              -33.58589255683527
            ],
            [
              -70.88998237024667,
              -33.58450186012276
            ],
            [
              -70.88949953835787,
              -33.58300224152006
            ],
            [
              -70.88772364809292,
              -33.5812920231368
            ],
            [
              -70.88635072769135,
              -33.58305332397151
            ],
            [
              -70.8840116790832,
              -33.58139411295031
            ],
            [
              -70.88138171107029,
              -33.580705458453075
            ],
            [
              -70.87856474795122,
              -33.5836318763864
            ],
            [
              -70.87498982951452,
              -33.58123472277845
            ],
            [
              -70.86839256164376,
              -33.57544492658242
            ],
            [
              -70.86779287600449,
              -33.575776435712925
            ],
            [
              -70.86350753929838,
              -33.57593575962506
            ],
            [
              -70.86338917458161,
              -33.57526574264863
            ],
            [
              -70.85635747964281,
              -33.575696189117515
            ],
            [
              -70.84946633601169,
              -33.5768650080355
            ],
            [
              -70.84802474299994,
              -33.58059465876194
            ]
          ]
        ]
      },
      "properties": {
        "comuna": "Peñaflor",
        "zona": "Zona Talagante",
        "n": 41,
        "cod_comuna": 13605
      }
    },
    {
      "type": "Feature",
      "geometry": {
        "type": "Polygon",
        "coordinates": [
          [
            [
              -70.80246479151383,
              -33.668411890427215
            ],
            [
              -70.80329817297594,
              -33.6697061703601
            ],
            [
              -70.80354845978378,
              -33.672147261786705
            ],
            [
              -70.8019665948404,
              -33.67264312802797
            ],
            [
              -70.80123952270395,
              -33.674947329982786
            ],
            [
              -70.79945193906894,
              -33.677976748677104
            ],
            [
              -70.79912938010155,
              -33.68028575784847
            ],
            [
              -70.79562042315953,
              -33.683513336445706
            ],
            [
              -70.79632584949093,
              -33.68668625527167
            ],
            [
              -70.79385406132481,
              -33.69026895052287
            ],
            [
              -70.7938535142508,
              -33.691467246753604
            ],
            [
              -70.7927764261403,
              -33.694696493008074
            ],
            [
              -70.79144595023762,
              -33.69604757368032
            ],
            [
              -70.79183904671774,
              -33.69812419301555
            ],
            [
              -70.79426200695657,
              -33.700752124047774
            ],
            [
              -70.79568671882753,
              -33.70335034613567
            ],
            [
              -70.79770494491173,
              -33.704378690153064
            ],
            [
              -70.79899467143649,
              -33.70740035117384
            ],
            [
              -70.80332496433097,
              -33.710525522539136
            ],
            [
              -70.80430141777346,
              -33.71171197995392
            ],
            [
              -70.80469212563325,
              -33.71416237489255
            ],
            [
              -70.80570286777011,
              -33.71507521187062
            ],
            [
              -70.80683643835242,
              -33.71866802466033
            ],
            [
              -70.80635996833246,
              -33.72024655228286
            ],
            [
              -70.80984297923412,
              -33.72220294778641
            ],
            [
              -70.81189452832379,
              -33.72283578505853
            ],
            [
              -70.8184347352077,
              -33.719823240366985
            ],
            [
              -70.82029087557025,
              -33.71974654257932
            ],
            [
              -70.82364900088449,
              -33.72043696365961
            ],
            [
              -70.82438778615392,
              -33.72104731206298
            ],
            [
              -70.83047589880313,
              -33.718931786214455
            ],
            [
              -70.83382274307401,
              -33.7146465377422
            ],
            [
              -70.83993837561192,
              -33.71105655318829
            ],
            [
              -70.84088319128841,
              -33.70990070988772
            ],
            [
              -70.84385149627836,
              -33.708567363384276
            ],
            [
              -70.84611410903563,
              -33.70927020741143
            ],
            [
              -70.84743519934021,
              -33.711276157195606
            ],
            [
              -70.84909781923437,
              -33.71482384768673
            ],
            [
              -70.85105830340875,
              -33.713763227032096
            ],
            [
              -70.8586420166829,
              -33.71085009745499
            ],
            [
              -70.87323080691564,
              -33.70584168618509
            ],
            [
              -70.8994848616115,
              -33.696535074835786
            ],
            [
              -70.91185306676756,
              -33.71066383754057
            ],
            [
              -70.91561254767264,
              -33.714251892717485
            ],
            [
              -70.9154427112867,
              -33.71638746209816
            ],
            [
              -70.91731855529669,
              -33.716927519404756
            ],
            [
              -70.91979560579374,
              -33.716697187934024
            ],
            [
              -70.9217761960608,
              -33.71709681830184
            ],
            [
              -70.9230223902269,
              -33.71664785998434
            ],
            [
              -70.93078624266498,
              -33.7181482931561
            ],
            [
              -70.9330390970233,
              -33.71941167888767
            ],
            [
              -70.9363365186822,
              -33.71972891572959
            ],
            [
              -70.93964776451502,
              -33.71897399285961
            ],
            [
              -70.94119591658409,
              -33.717879949596814
            ],
            [
              -70.94696628523582,
              -33.715894180293574
            ],
            [
              -70.95108639391339,
              -33.71534012472582
            ],
            [
              -70.9555774708707,
              -33.714214732060086
            ],
            [
              -70.95686257735996,
              -33.714438806896375
            ],
            [
              -70.95978478530108,
              -33.715890019031924
            ],
            [
              -70.96176802559826,
              -33.71625586930174
            ],
            [
              -70.96423733261754,
              -33.71548315890129
            ],
            [
              -70.96768897704443,
              -33.715290580795944
            ],
            [
              -70.97585557656372,
              -33.71577143307767
            ],
            [
              -70.97752241943803,
              -33.716692195811724
            ],
            [
              -70.98196329404568,
              -33.718164413977135
            ],
            [
              -70.98294834706036,
              -33.719646222436175
            ],
            [
              -70.98608114256197,
              -33.72069607383227
            ],
            [
              -70.98907876496953,
              -33.72379574747163
            ],
            [
              -70.9903281176122,
              -33.724050700088426
            ],
            [
              -70.99268274660062,
              -33.72306519749478
            ],
            [
              -70.99604261195155,
              -33.72363747778643
            ],
            [
              -70.9981160817308,
              -33.72314550481518
            ],
            [
              -71.00190176200113,
              -33.72079202400954
            ],
            [
              -71.00506125453468,
              -33.719823891911936
            ],
            [
              -71.01747946351271,
              -33.716763978931056
            ],
            [
              -71.02218398018152,
              -33.716198005648636
            ],
            [
              -71.02617313694856,
              -33.716316020141385
            ],
            [
              -71.02599719022206,
              -33.71383884443004
            ],
            [
              -71.02536545718503,
              -33.71223562416655
            ],
            [
              -71.02282848277032,
              -33.71013613055698
            ],
            [
              -71.02184422476466,
              -33.7085386632452
            ],
            [
              -71.02054009555094,
              -33.70834276133698
            ],
            [
              -71.01816452593492,
              -33.7059922518282
            ],
            [
              -71.01388629580103,
              -33.70562767682929
            ],
            [
              -71.01263573761929,
              -33.70294845239805
            ],
            [
              -71.01129989068951,
              -33.701387648435386
            ],
            [
              -71.01085967757274,
              -33.69922262686895
            ],
            [
              -71.00803590971537,
              -33.69753087736598
            ],
            [
              -71.00639795306735,
              -33.69734025002595
            ],
            [
              -71.0050260145244,
              -33.69581105758253
            ],
            [
              -71.00446460789603,
              -33.69402034902047
            ],
            [
              -71.00312202090666,
              -33.69295610733535
            ],
            [
              -70.99888381880352,
              -33.6926833477782
            ],
            [
              -70.99699671710638,
              -33.691348622593885
            ],
            [
              -70.99267280314874,
              -33.68896695394692
            ],
            [
              -70.98771332753431,
              -33.68879858997846
            ],
            [
              -70.98554466508105,
              -33.68811981711041
            ],
            [
              -70.98432947806361,
              -33.68692906552106
            ],
            [
              -70.98006020592976,
              -33.68529089292667
            ],
            [
              -70.97637861973959,
              -33.68094352290253
            ],
            [
              -70.97418102614427,
              -33.68060621078309
            ],
            [
              -70.97172040313883,
              -33.67850439229939
            ],
            [
              -70.9673350066865,
              -33.67581253226857
            ],
            [
              -70.96401317241144,
              -33.67499652638231
            ],
            [
              -70.9632185811016,
              -33.674326522798
            ],
            [
              -70.96064593997686,
              -33.673808771747865
            ],
            [
              -70.95932696430644,
              -33.672929810047684
            ],
            [
              -70.95686285493937,
              -33.672286155907685
            ],
            [
              -70.95438574156026,
              -33.67024628711612
            ],
            [
              -70.95384179458775,
              -33.669168850068694
            ],
            [
              -70.95128472575846,
              -33.66768871288549
            ],
            [
              -70.94585845228472,
              -33.66733985827546
            ],
            [
              -70.94274371471694,
              -33.665806270474675
            ],
            [
              -70.94005075144642,
              -33.66404872630558
            ],
            [
              -70.93663200152862,
              -33.66301623610172
            ],
            [
              -70.93692130935575,
              -33.661025763093306
            ],
            [
              -70.93584371100218,
              -33.6593048413526
            ],
            [
              -70.93719678402583,
              -33.65841477063194
            ],
            [
              -70.93915724394571,
              -33.65813574251051
            ],
            [
              -70.94194900213455,
              -33.65604383947926
            ],
            [
              -70.94597063479573,
              -33.65501863274111
            ],
            [
              -70.94761323124219,
              -33.65381356082518
            ],
            [
              -70.95126164085228,
              -33.65270099046672
            ],
            [
              -70.95418911292099,
              -33.65253055819686
            ],
            [
              -70.95608701416445,
              -33.65113511049583
            ],
            [
              -70.9566391187381,
              -33.649295566021436
            ],
            [
              -70.95912321292526,
              -33.647580537274735
            ],
            [
              -70.96090323544053,
              -33.64467609031545
            ],
            [
              -70.96081467502825,
              -33.64277673427474
            ],
            [
              -70.9578954809349,
              -33.64415548653394
            ],
            [
              -70.95201382988408,
              -33.644931229089146
            ],
            [
              -70.94970589262915,
              -33.646239931062276
            ],
            [
              -70.94717334331554,
              -33.64581439696397
            ],
            [
              -70.94217735747303,
              -33.646389489838185
            ],
            [
              -70.94141880567406,
              -33.64565671725652
            ],
            [
              -70.93515492236818,
              -33.64594110438354
            ],
            [
              -70.93421062501962,
              -33.643535432339085
            ],
            [
              -70.93460850053705,
              -33.641419083422775
            ],
            [
              -70.9339495009362,
              -33.64015704303184
            ],
            [
              -70.93177781205874,
              -33.639012539380246
            ],
            [
              -70.92158764776751,
              -33.639171447318574
            ],
            [
              -70.92179896386169,
              -33.64075188461613
            ],
            [
              -70.91382739218383,
              -33.64069140716863
            ],
            [
              -70.9119689727954,
              -33.63630044596114
            ],
            [
              -70.88609188712539,
              -33.63290437271043
            ],
            [
              -70.87373311338149,
              -33.631508570233684
            ],
            [
              -70.8678557068704,
              -33.63255511605917
            ],
            [
              -70.84952069935774,
              -33.63620830405236
            ],
            [
              -70.85133333700603,
              -33.6381499421334
            ],
            [
              -70.85429409255433,
              -33.64053921196078
            ],
            [
              -70.8615669321463,
              -33.64711037187742
            ],
            [
              -70.8663544666221,
              -33.6495195304524
            ],
            [
              -70.8671446948146,
              -33.650613235653914
            ],
            [
              -70.85699098325928,
              -33.65459670433149
            ],
            [
              -70.84500438243592,
              -33.65941696202876
            ],
            [
              -70.8363481022721,
              -33.662455654711536
            ],
            [
              -70.82701853210787,
              -33.652428350717756
            ],
            [
              -70.82117499028635,
              -33.64577437992313
            ],
            [
              -70.81845074498271,
              -33.642376154788565
            ],
            [
              -70.81520437368307,
              -33.64279286549533
            ],
            [
              -70.81166708477534,
              -33.64456947172979
            ],
            [
              -70.81166414728433,
              -33.64802912955917
            ],
            [
              -70.810975143953,
              -33.65294763251736
            ],
            [
              -70.80930611457929,
              -33.65534162270627
            ],
            [
              -70.80815271099215,
              -33.65821258053835
            ],
            [
              -70.80811531772014,
              -33.660229484879615
            ],
            [
              -70.80742368232501,
              -33.66144934303521
            ],
            [
              -70.80455394677624,
              -33.6641042377724
            ],
            [
              -70.80299483705733,
              -33.66633520295433
            ],
            [
              -70.80246479151383,
              -33.668411890427215
            ]
          ]
        ]
      },
      "properties": {
        "comuna": "Talagante",
        "zona": "Zona Talagante",
        "n": 1,
        "cod_comuna": 13601
      }
    },
    {
      "type": "Feature",
      "geometry": {
        "type": "Polygon",
        "coordinates": [
          [
            [
              -70.61440996525815,
              -33.73849684012873
            ],
            [
              -70.61885082459443,
              -33.738224299161075
            ],
            [
              -70.62201165741438,
              -33.73705607051735
            ],
            [
              -70.6241927768057,
              -33.7382893933501
            ],
            [
              -70.62602801157496,
              -33.74263705984672
            ],
            [
              -70.62827518049583,
              -33.74450032594349
            ],
            [
              -70.63001822655738,
              -33.74537866302169
            ],
            [
              -70.63267210862148,
              -33.74876899802702
            ],
            [
              -70.63397519219622,
              -33.74920238813094
            ],
            [
              -70.63792608971528,
              -33.74842893313918
            ],
            [
              -70.64096384974806,
              -33.74928999835385
            ],
            [
              -70.64551603639919,
              -33.7475166914237
            ],
            [
              -70.65348275358123,
              -33.743759656660494
            ],
            [
              -70.65610726971869,
              -33.744175103655834
            ],
            [
              -70.66195408679773,
              -33.74801760595178
            ],
            [
              -70.66504344246715,
              -33.751536471544284
            ],
            [
              -70.66772845834237,
              -33.75366354191132
            ],
            [
              -70.67050666095358,
              -33.756420320669456
            ],
            [
              -70.67219108475629,
              -33.757028464553535
            ],
            [
              -70.68818415467886,
              -33.7592043743169
            ],
            [
              -70.68839347741142,
              -33.76329787039265
            ],
            [
              -70.6898000010928,
              -33.7785800008488
            ],
            [
              -70.69069321933598,
              -33.79105869450205
            ],
            [
              -70.7027200000054,
              -33.792730000621624
            ],
            [
              -70.70243999962291,
              -33.7895499999896
            ],
            [
              -70.73935999962211,
              -33.789110000611025
            ],
            [
              -70.73861999983042,
              -33.78345000002968
            ],
            [
              -70.73739999963968,
              -33.77714000034304
            ],
            [
              -70.73761999974771,
              -33.774440000232445
            ],
            [
              -70.74396828067285,
              -33.77399529658841
            ],
            [
              -70.7510460043885,
              -33.77286378851511
            ],
            [
              -70.75161378725876,
              -33.77583906667302
            ],
            [
              -70.7535790298092,
              -33.78979051994278
            ],
            [
              -70.7545423660519,
              -33.79599634076051
            ],
            [
              -70.75488297486828,
              -33.79946178517411
            ],
            [
              -70.75657331228054,
              -33.80953299719332
            ],
            [
              -70.75736392674861,
              -33.81650742919452
            ],
            [
              -70.75911745435289,
              -33.81513034837798
            ],
            [
              -70.76185686860843,
              -33.811801205653374
            ],
            [
              -70.78471185906761,
              -33.83462559660774
            ],
            [
              -70.78637709485587,
              -33.83272780525113
            ],
            [
              -70.79036059133828,
              -33.83172564541796
            ],
            [
              -70.79250597934086,
              -33.83024142163504
            ],
            [
              -70.79546630010456,
              -33.83027103097991
            ],
            [
              -70.7987609486642,
              -33.8296417829964
            ],
            [
              -70.80066033212788,
              -33.82888760642373
            ],
            [
              -70.80297628954166,
              -33.82725548231643
            ],
            [
              -70.80498231830093,
              -33.82744412172474
            ],
            [
              -70.80692591324966,
              -33.82879592854279
            ],
            [
              -70.80755799034144,
              -33.82987640702144
            ],
            [
              -70.80922362588001,
              -33.8304331147055
            ],
            [
              -70.81189990923235,
              -33.82937675394874
            ],
            [
              -70.81415945154797,
              -33.829198218299425
            ],
            [
              -70.81647984663923,
              -33.82778369907263
            ],
            [
              -70.81901874075369,
              -33.828472781399334
            ],
            [
              -70.82074859236035,
              -33.83077011095441
            ],
            [
              -70.82339298821505,
              -33.83016103854375
            ],
            [
              -70.82615100298686,
              -33.83139160047388
            ],
            [
              -70.83194955897558,
              -33.8323139711645
            ],
            [
              -70.83397079711094,
              -33.82855729649925
            ],
            [
              -70.8375924692649,
              -33.82841560539998
            ],
            [
              -70.84187251758893,
              -33.82712415222563
            ],
            [
              -70.8465845738179,
              -33.82394083708804
            ],
            [
              -70.84777698405131,
              -33.82076634118727
            ],
            [
              -70.84913951992819,
              -33.82061434934698
            ],
            [
              -70.8517309439272,
              -33.81899714149872
            ],
            [
              -70.85457058321902,
              -33.81792411720959
            ],
            [
              -70.85646798679579,
              -33.81579114457156
            ],
            [
              -70.8586992097221,
              -33.8145299521979
            ],
            [
              -70.86337337321575,
              -33.814503207901055
            ],
            [
              -70.86609427498995,
              -33.81402363771893
            ],
            [
              -70.86795971561062,
              -33.8128554272275
            ],
            [
              -70.8698910054366,
              -33.809888706695105
            ],
            [
              -70.8715654777026,
              -33.80960032569341
            ],
            [
              -70.87378687126305,
              -33.81151757288596
            ],
            [
              -70.87649229326826,
              -33.81033646777185
            ],
            [
              -70.87796334832638,
              -33.810357877388704
            ],
            [
              -70.88118625383414,
              -33.81122946532808
            ],
            [
              -70.88699475147811,
              -33.81027000791018
            ],
            [
              -70.8885399831242,
              -33.80930192472713
            ],
            [
              -70.89059418224396,
              -33.80674520489259
            ],
            [
              -70.89318817632301,
              -33.8069785780283
            ],
            [
              -70.89421387540935,
              -33.804365710391075
            ],
            [
              -70.89289734764809,
              -33.80386684282959
            ],
            [
              -70.89284853858544,
              -33.80205246075297
            ],
            [
              -70.89107165478379,
              -33.80116277433428
            ],
            [
              -70.88798447663059,
              -33.80227978687489
            ],
            [
              -70.88252017567427,
              -33.80268428697612
            ],
            [
              -70.87808196546975,
              -33.80397443416024
            ],
            [
              -70.87557387278974,
              -33.80312631189593
            ],
            [
              -70.87278835340055,
              -33.80130430903526
            ],
            [
              -70.8668066479934,
              -33.7964284782621
            ],
            [
              -70.86259772018876,
              -33.794780610041336
            ],
            [
              -70.86012739807317,
              -33.789729099188584
            ],
            [
              -70.85839452273729,
              -33.78746301584734
            ],
            [
              -70.85423429709576,
              -33.78465271977521
            ],
            [
              -70.85002485994633,
              -33.78294317314471
            ],
            [
              -70.8446396628373,
              -33.778454609003504
            ],
            [
              -70.8414269828524,
              -33.775415758780504
            ],
            [
              -70.83890267827647,
              -33.77419740536558
            ],
            [
              -70.83732534084213,
              -33.77140720027292
            ],
            [
              -70.8372974391694,
              -33.76903378934571
            ],
            [
              -70.83596980912954,
              -33.76810219195183
            ],
            [
              -70.83382287512636,
              -33.765561039855804
            ],
            [
              -70.82965782373513,
              -33.76514488919904
            ],
            [
              -70.82628087691906,
              -33.76188731698659
            ],
            [
              -70.82436588882057,
              -33.75959283043832
            ],
            [
              -70.82245997370643,
              -33.75598393027597
            ],
            [
              -70.82107823454375,
              -33.754249953079714
            ],
            [
              -70.81774207393653,
              -33.752630378505984
            ],
            [
              -70.81632643415165,
              -33.75142871947201
            ],
            [
              -70.81437755171916,
              -33.75096835613625
            ],
            [
              -70.81229952478648,
              -33.74697974792016
            ],
            [
              -70.81243272158693,
              -33.74026912415199
            ],
            [
              -70.81169085240113,
              -33.738048863285236
            ],
            [
              -70.81060141604871,
              -33.736689426650905
            ],
            [
              -70.80769763974057,
              -33.7342868963432
            ],
            [
              -70.80458345463671,
              -33.73318633585132
            ],
            [
              -70.80265038255321,
              -33.73345909602517
            ],
            [
              -70.79835276497886,
              -33.73086275019897
            ],
            [
              -70.79568195146831,
              -33.730840461557285
            ],
            [
              -70.7909845359818,
              -33.72747023936278
            ],
            [
              -70.7858954397601,
              -33.72195085879919
            ],
            [
              -70.78313304210799,
              -33.720141682386696
            ],
            [
              -70.78028924271811,
              -33.717034564616235
            ],
            [
              -70.77653525051942,
              -33.71589662369903
            ],
            [
              -70.77440464159992,
              -33.71366549804474
            ],
            [
              -70.77017816251123,
              -33.710883754907826
            ],
            [
              -70.76814658386863,
              -33.70722985542313
            ],
            [
              -70.76398165734322,
              -33.70563902096616
            ],
            [
              -70.76068610418011,
              -33.70363814164987
            ],
            [
              -70.75667773155085,
              -33.70343548318901
            ],
            [
              -70.75320529022683,
              -33.70171209197412
            ],
            [
              -70.74986671494811,
              -33.70117872264621
            ],
            [
              -70.74449673979157,
              -33.698733096163146
            ],
            [
              -70.74195883741719,
              -33.69800484412365
            ],
            [
              -70.73603003469543,
              -33.69775212132066
            ],
            [
              -70.73334943493815,
              -33.69537521243841
            ],
            [
              -70.73029271326637,
              -33.69428714002781
            ],
            [
              -70.72761809269562,
              -33.69401896182912
            ],
            [
              -70.72591824212452,
              -33.693125805519934
            ],
            [
              -70.72434694316551,
              -33.6913444190342
            ],
            [
              -70.72268497544825,
              -33.69051178129619
            ],
            [
              -70.72111045333403,
              -33.687645411632495
            ],
            [
              -70.71824848911078,
              -33.685301195512324
            ],
            [
              -70.71610037651796,
              -33.68115902374874
            ],
            [
              -70.71443253471705,
              -33.67448852779626
            ],
            [
              -70.71418952785628,
              -33.670533800247746
            ],
            [
              -70.7132821225198,
              -33.66901815112502
            ],
            [
              -70.71124127775505,
              -33.66748761296345
            ],
            [
              -70.7100325316582,
              -33.66551764697068
            ],
            [
              -70.70606797345859,
              -33.665587739032205
            ],
            [
              -70.70137356553168,
              -33.66479662752522
            ],
            [
              -70.69800975208506,
              -33.662886774693945
            ],
            [
              -70.69596042812235,
              -33.66276206983729
            ],
            [
              -70.69138060300487,
              -33.663145823672174
            ],
            [
              -70.68819069531244,
              -33.662639298305415
            ],
            [
              -70.68534722380764,
              -33.661149791559716
            ],
            [
              -70.6806439872381,
              -33.66176406259486
            ],
            [
              -70.67680368041533,
              -33.66070057379811
            ],
            [
              -70.67342942405357,
              -33.66010448680987
            ],
            [
              -70.67007051630672,
              -33.658407731608165
            ],
            [
              -70.66753622875305,
              -33.65776946980828
            ],
            [
              -70.66172790897548,
              -33.655081600591785
            ],
            [
              -70.66023997636981,
              -33.65390149719675
            ],
            [
              -70.65931666815784,
              -33.65132390802341
            ],
            [
              -70.65699130897633,
              -33.65013254446965
            ],
            [
              -70.65239401342319,
              -33.650530296375514
            ],
            [
              -70.6480777549084,
              -33.6493806549109
            ],
            [
              -70.64380926700376,
              -33.647847992853606
            ],
            [
              -70.64057895758141,
              -33.64709630469293
            ],
            [
              -70.63723791732558,
              -33.64532193726523
            ],
            [
              -70.63338842702565,
              -33.644669864563674
            ],
            [
              -70.6312339399876,
              -33.64283960413814
            ],
            [
              -70.6312065054388,
              -33.645678932277015
            ],
            [
              -70.63293760929696,
              -33.64864109081393
            ],
            [
              -70.63318840904283,
              -33.649951727758676
            ],
            [
              -70.63479385296576,
              -33.653458944530755
            ],
            [
              -70.6366565914541,
              -33.65527253474536
            ],
            [
              -70.64015075224505,
              -33.65976991629342
            ],
            [
              -70.6414891378138,
              -33.660866777360674
            ],
            [
              -70.64834816218195,
              -33.66252780165752
            ],
            [
              -70.65005580473984,
              -33.66275463564593
            ],
            [
              -70.65171246880365,
              -33.664353620236234
            ],
            [
              -70.65291075312071,
              -33.6696931692381
            ],
            [
              -70.65549461779662,
              -33.67292828421138
            ],
            [
              -70.6558872776955,
              -33.67572140524355
            ],
            [
              -70.65315348150372,
              -33.67779629697588
            ],
            [
              -70.65175387754499,
              -33.67952174812522
            ],
            [
              -70.65083757529393,
              -33.68191734902625
            ],
            [
              -70.64935520236153,
              -33.6835993340919
            ],
            [
              -70.64731681898067,
              -33.688554430618886
            ],
            [
              -70.6441762216108,
              -33.69326782507701
            ],
            [
              -70.64438765358766,
              -33.695027590509135
            ],
            [
              -70.64534264987125,
              -33.69675048950682
            ],
            [
              -70.64079679454625,
              -33.701562812480105
            ],
            [
              -70.6375267122147,
              -33.704451650129734
            ],
            [
              -70.6351998223039,
              -33.704878301351336
            ],
            [
              -70.63203233296771,
              -33.704833765122416
            ],
            [
              -70.62945933072021,
              -33.705859658899286
            ],
            [
              -70.62728633030245,
              -33.70724657463472
            ],
            [
              -70.62506305836474,
              -33.71049642924539
            ],
            [
              -70.62207956196502,
              -33.71278241337229
            ],
            [
              -70.62160298594387,
              -33.71498615743739
            ],
            [
              -70.62189761359411,
              -33.71719476829315
            ],
            [
              -70.62110279501053,
              -33.71897739183598
            ],
            [
              -70.6174945670431,
              -33.72087165801002
            ],
            [
              -70.61600184641694,
              -33.72257075038305
            ],
            [
              -70.61554281898485,
              -33.725112958395215
            ],
            [
              -70.6144929345561,
              -33.72814315250388
            ],
            [
              -70.61338711383124,
              -33.7341306899616
            ],
            [
              -70.61440996525815,
              -33.73849684012873
            ]
          ]
        ]
      },
      "properties": {
        "comuna": "Buin",
        "zona": "Zona Maipo",
        "n": 20,
        "cod_comuna": 13402
      }
    },
    {
      "type": "Feature",
      "geometry": {
        "type": "Polygon",
        "coordinates": [
          [
            [
              -70.03055306799028,
              -34.28855113482272
            ],
            [
              -70.03126519305872,
              -34.28833238210861
            ],
            [
              -70.03204507984566,
              -34.28796345827303
            ],
            [
              -70.03547977935135,
              -34.28623874845387
            ],
            [
              -70.03728886865426,
              -34.28489376838613
            ],
            [
              -70.03976850180774,
              -34.284841354302124
            ],
            [
              -70.04191815770622,
              -34.28413605485195
            ],
            [
              -70.04566497416243,
              -34.28126201486765
            ],
            [
              -70.05122620423622,
              -34.28087490046577
            ],
            [
              -70.05282020272415,
              -34.280173881813596
            ],
            [
              -70.05334220115935,
              -34.27780849685266
            ],
            [
              -70.05235799525596,
              -34.27607098983451
            ],
            [
              -70.052462162998,
              -34.273211351499796
            ],
            [
              -70.05342860561495,
              -34.27111614970475
            ],
            [
              -70.05256105493436,
              -34.26717246533056
            ],
            [
              -70.05377353173459,
              -34.26393436561121
            ],
            [
              -70.05404522539564,
              -34.25821763200584
            ],
            [
              -70.05242100578494,
              -34.256508373250014
            ],
            [
              -70.05188015261024,
              -34.25484291745295
            ],
            [
              -70.05193834996594,
              -34.251355575623954
            ],
            [
              -70.05063637670888,
              -34.24941162911722
            ],
            [
              -70.04998799160144,
              -34.24581457549819
            ],
            [
              -70.04919111767246,
              -34.243895612492
            ],
            [
              -70.05042448479462,
              -34.24096460552876
            ],
            [
              -70.05119673500334,
              -34.238140965905785
            ],
            [
              -70.05132281894336,
              -34.23512458037204
            ],
            [
              -70.05018872643987,
              -34.22861256058377
            ],
            [
              -70.05064821830096,
              -34.22594289569803
            ],
            [
              -70.05320733888237,
              -34.222813287633834
            ],
            [
              -70.05434358554588,
              -34.222399941052394
            ],
            [
              -70.05616834506063,
              -34.22058241048376
            ],
            [
              -70.05662407387898,
              -34.21884019020506
            ],
            [
              -70.05819108338251,
              -34.21797585222188
            ],
            [
              -70.060888112428,
              -34.21506334614488
            ],
            [
              -70.0619633437208,
              -34.21309389706476
            ],
            [
              -70.0665916751687,
              -34.20912435814265
            ],
            [
              -70.06706446928251,
              -34.2070855601738
            ],
            [
              -70.07196039897205,
              -34.201991837322105
            ],
            [
              -70.07613495364068,
              -34.19972371974289
            ],
            [
              -70.07744706708064,
              -34.198015867209605
            ],
            [
              -70.08311935407639,
              -34.199522697670524
            ],
            [
              -70.08550612568402,
              -34.201046044170496
            ],
            [
              -70.08941363637149,
              -34.20250420657956
            ],
            [
              -70.09321758478144,
              -34.20312054143667
            ],
            [
              -70.10652281093229,
              -34.20285629319107
            ],
            [
              -70.11274325710092,
              -34.201884557318344
            ],
            [
              -70.1151615532868,
              -34.20026090335516
            ],
            [
              -70.1158618439497,
              -34.19688899313366
            ],
            [
              -70.11594108074763,
              -34.192902396888606
            ],
            [
              -70.11731299862933,
              -34.19014270242546
            ],
            [
              -70.11841724550582,
              -34.189389675257544
            ],
            [
              -70.12302402996329,
              -34.18835751284506
            ],
            [
              -70.12887364888769,
              -34.1885453257943
            ],
            [
              -70.13131214548939,
              -34.18919173162713
            ],
            [
              -70.13437752512387,
              -34.188597614835196
            ],
            [
              -70.14038418303467,
              -34.18430155945351
            ],
            [
              -70.14279462075845,
              -34.18103785086389
            ],
            [
              -70.14694660435725,
              -34.179986721256405
            ],
            [
              -70.14734730417794,
              -34.179164953798164
            ],
            [
              -70.14565794952262,
              -34.17691394717088
            ],
            [
              -70.14537249995962,
              -34.17572729188117
            ],
            [
              -70.14596775241296,
              -34.17327416949016
            ],
            [
              -70.15018744742461,
              -34.16928494163477
            ],
            [
              -70.14957092376365,
              -34.167706902981735
            ],
            [
              -70.14999576670591,
              -34.16646292327369
            ],
            [
              -70.15332631733419,
              -34.16298316197611
            ],
            [
              -70.15383294020498,
              -34.161197484699166
            ],
            [
              -70.157365055715,
              -34.15949087401511
            ],
            [
              -70.1627159551465,
              -34.159535745476504
            ],
            [
              -70.16425140863072,
              -34.15917301479716
            ],
            [
              -70.16294568131411,
              -34.15639253355583
            ],
            [
              -70.16279217360508,
              -34.153783599138094
            ],
            [
              -70.1603008030641,
              -34.149654779759565
            ],
            [
              -70.16080940941504,
              -34.147828643731415
            ],
            [
              -70.162543757988,
              -34.145758120348454
            ],
            [
              -70.16300125109757,
              -34.14304720733942
            ],
            [
              -70.16453876531708,
              -34.14000062888992
            ],
            [
              -70.16163763634407,
              -34.135099204476894
            ],
            [
              -70.1614937819311,
              -34.13408484815814
            ],
            [
              -70.15857167909283,
              -34.133086693173475
            ],
            [
              -70.1577362395904,
              -34.130032052715876
            ],
            [
              -70.15647477765773,
              -34.129140070653754
            ],
            [
              -70.15398254114082,
              -34.12858218957262
            ],
            [
              -70.15247642304051,
              -34.12755446512135
            ],
            [
              -70.14968404142085,
              -34.124296192550354
            ],
            [
              -70.14567554931565,
              -34.12288103423936
            ],
            [
              -70.14438354825657,
              -34.12165004435558
            ],
            [
              -70.14187478363675,
              -34.12050135516289
            ],
            [
              -70.14324907396912,
              -34.11766029674193
            ],
            [
              -70.1446207798484,
              -34.11662492728329
            ],
            [
              -70.14771935941916,
              -34.11540120993686
            ],
            [
              -70.15120877620711,
              -34.114408973121634
            ],
            [
              -70.15785881471093,
              -34.11110093542532
            ],
            [
              -70.15976742836418,
              -34.1068532289799
            ],
            [
              -70.16242096727181,
              -34.10368412692421
            ],
            [
              -70.16441612372121,
              -34.10057004438317
            ],
            [
              -70.16471766300926,
              -34.098816765487115
            ],
            [
              -70.16447930403177,
              -34.09591170526785
            ],
            [
              -70.16229488063685,
              -34.09439798478952
            ],
            [
              -70.15971737962643,
              -34.09446283052412
            ],
            [
              -70.15873100968153,
              -34.09316748350242
            ],
            [
              -70.16136744825943,
              -34.08676448410039
            ],
            [
              -70.16387912970899,
              -34.08430124780931
            ],
            [
              -70.16456282848858,
              -34.08294113408187
            ],
            [
              -70.16465300317343,
              -34.08046793485449
            ],
            [
              -70.16754344578781,
              -34.07756028733697
            ],
            [
              -70.1694238739007,
              -34.07377057577048
            ],
            [
              -70.17217309057263,
              -34.071568723129296
            ],
            [
              -70.1710686703213,
              -34.06791358274078
            ],
            [
              -70.17197621130339,
              -34.06438272597193
            ],
            [
              -70.17389233846565,
              -34.061729192635624
            ],
            [
              -70.17498678472239,
              -34.05845339511108
            ],
            [
              -70.17481945194116,
              -34.05429020881859
            ],
            [
              -70.17350256485376,
              -34.051721098431045
            ],
            [
              -70.1702683756077,
              -34.04827493241608
            ],
            [
              -70.1693544152646,
              -34.04572158789237
            ],
            [
              -70.17018744458714,
              -34.04436740728706
            ],
            [
              -70.17523288088942,
              -34.041670353712576
            ],
            [
              -70.17770937712594,
              -34.03802994867029
            ],
            [
              -70.17973784041114,
              -34.036051734244765
            ],
            [
              -70.1837260350825,
              -34.033312764553834
            ],
            [
              -70.18614987836524,
              -34.0323586316632
            ],
            [
              -70.19097865359743,
              -34.03258854533249
            ],
            [
              -70.19548125144824,
              -34.03322872189046
            ],
            [
              -70.19915979684116,
              -34.03416984041956
            ],
            [
              -70.20499216541717,
              -34.034483527153895
            ],
            [
              -70.20683449687718,
              -34.0340060923196
            ],
            [
              -70.20796718441555,
              -34.032708337882376
            ],
            [
              -70.21093399371054,
              -34.03106340181688
            ],
            [
              -70.21561065721565,
              -34.030403709007885
            ],
            [
              -70.21838849061928,
              -34.03122808096432
            ],
            [
              -70.22135192224881,
              -34.03054191760244
            ],
            [
              -70.22291182068854,
              -34.03060265287069
            ],
            [
              -70.22601838987543,
              -34.031858416379684
            ],
            [
              -70.2278056348456,
              -34.03146854075625
            ],
            [
              -70.23363354957442,
              -34.03186173442756
            ],
            [
              -70.24089268716337,
              -34.03281459989806
            ],
            [
              -70.24379632872422,
              -34.03410254325086
            ],
            [
              -70.2448949449605,
              -34.03519446597406
            ],
            [
              -70.24587004823509,
              -34.03850627329052
            ],
            [
              -70.24539096591428,
              -34.04256329716813
            ],
            [
              -70.24818634072048,
              -34.04758480351183
            ],
            [
              -70.2478067764618,
              -34.049875852526114
            ],
            [
              -70.24819396651894,
              -34.051066345362806
            ],
            [
              -70.24806691150009,
              -34.05694290038426
            ],
            [
              -70.24988229889146,
              -34.05875605196933
            ],
            [
              -70.25281973148005,
              -34.05983346589029
            ],
            [
              -70.2538371148618,
              -34.06138149634765
            ],
            [
              -70.25424856212656,
              -34.063883379753804
            ],
            [
              -70.25516023176567,
              -34.06499941847532
            ],
            [
              -70.25961559080898,
              -34.06776575450193
            ],
            [
              -70.26143634024427,
              -34.071213757057414
            ],
            [
              -70.26555191871786,
              -34.07134563670269
            ],
            [
              -70.26737074935173,
              -34.0701729579643
            ],
            [
              -70.26919665421843,
              -34.06710896883012
            ],
            [
              -70.27070638713944,
              -34.06565397908603
            ],
            [
              -70.2764540939915,
              -34.063875923848414
            ],
            [
              -70.27759240588186,
              -34.06383868152038
            ],
            [
              -70.27958722815798,
              -34.06240232817818
            ],
            [
              -70.28266314233582,
              -34.06138580004769
            ],
            [
              -70.28640646883713,
              -34.05885914594757
            ],
            [
              -70.28955170780208,
              -34.058331441971696
            ],
            [
              -70.29472770165448,
              -34.05982714529639
            ],
            [
              -70.2987510051821,
              -34.059873344488246
            ],
            [
              -70.30283917066647,
              -34.06108380822149
            ],
            [
              -70.30417737926714,
              -34.063292293124356
            ],
            [
              -70.30384393721008,
              -34.065225077074146
            ],
            [
              -70.30464544195435,
              -34.06598531390125
            ],
            [
              -70.3091673904147,
              -34.066401600880454
            ],
            [
              -70.3106831600144,
              -34.0636492622249
            ],
            [
              -70.31355854776294,
              -34.06214239277839
            ],
            [
              -70.31491304641297,
              -34.057289688309524
            ],
            [
              -70.32190522805567,
              -34.05735393432596
            ],
            [
              -70.32338068216374,
              -34.05768039190108
            ],
            [
              -70.32607290432416,
              -34.059485389717274
            ],
            [
              -70.32999859781131,
              -34.05893234523053
            ],
            [
              -70.33173539249678,
              -34.05745820440931
            ],
            [
              -70.33396529759456,
              -34.05646219824163
            ],
            [
              -70.33708390151132,
              -34.055824161863995
            ],
            [
              -70.34030893333136,
              -34.053244492862056
            ],
            [
              -70.34086058156082,
              -34.049104073633266
            ],
            [
              -70.34160149853243,
              -34.0480243611001
            ],
            [
              -70.34132092682142,
              -34.044257591335
            ],
            [
              -70.34165110440074,
              -34.04237860096711
            ],
            [
              -70.3444257308188,
              -34.039133178802544
            ],
            [
              -70.34230731203768,
              -34.03691799232058
            ],
            [
              -70.33948630560151,
              -34.03332504714988
            ],
            [
              -70.33920574826355,
              -34.03015288239488
            ],
            [
              -70.3370859694331,
              -34.027969083708925
            ],
            [
              -70.3335310223418,
              -34.0235644716702
            ],
            [
              -70.33076498202124,
              -34.02075711431627
            ],
            [
              -70.32814944364672,
              -34.019927922344614
            ],
            [
              -70.3257537427852,
              -34.01983668287912
            ],
            [
              -70.32324152863465,
              -34.01830881509426
            ],
            [
              -70.3213887910904,
              -34.01636018150416
            ],
            [
              -70.3218771009058,
              -34.014203606863575
            ],
            [
              -70.32450678594941,
              -34.011817726691305
            ],
            [
              -70.32768260626156,
              -34.01032732371011
            ],
            [
              -70.32679530432283,
              -34.00848373527748
            ],
            [
              -70.32604202473627,
              -34.005552503765834
            ],
            [
              -70.32424739561448,
              -34.004247104795176
            ],
            [
              -70.32111478696244,
              -34.000257604668555
            ],
            [
              -70.3216708611913,
              -33.99845490267057
            ],
            [
              -70.32388783593886,
              -33.99692148816569
            ],
            [
              -70.32433769067359,
              -33.994971870713236
            ],
            [
              -70.32652608013048,
              -33.993262966463035
            ],
            [
              -70.3279798965183,
              -33.98967029685612
            ],
            [
              -70.32778652157698,
              -33.98625282917095
            ],
            [
              -70.32950128418183,
              -33.98136944995131
            ],
            [
              -70.33402698221016,
              -33.98008230441767
            ],
            [
              -70.33813432492923,
              -33.980174814206755
            ],
            [
              -70.34123317129963,
              -33.97921393257341
            ],
            [
              -70.3427247753199,
              -33.97770020431897
            ],
            [
              -70.34561452173993,
              -33.975684484499524
            ],
            [
              -70.34815003459566,
              -33.9724814100516
            ],
            [
              -70.34975188525748,
              -33.971035242895574
            ],
            [
              -70.35082944678014,
              -33.96733281494058
            ],
            [
              -70.34908526255312,
              -33.965807579662865
            ],
            [
              -70.34906280467102,
              -33.96482335879383
            ],
            [
              -70.34670984026081,
              -33.9625929668946
            ],
            [
              -70.34620909686355,
              -33.957815729789274
            ],
            [
              -70.34677722828016,
              -33.956473101630344
            ],
            [
              -70.35031269091294,
              -33.9530700601488
            ],
            [
              -70.35485214843649,
              -33.952194908003605
            ],
            [
              -70.35588287719011,
              -33.951440810529625
            ],
            [
              -70.35937598785053,
              -33.95090664873776
            ],
            [
              -70.36240841548377,
              -33.94834058856437
            ],
            [
              -70.36358132239404,
              -33.94637048530435
            ],
            [
              -70.36528344121123,
              -33.94516583851151
            ],
            [
              -70.36643285807516,
              -33.94292514185855
            ],
            [
              -70.36752989417485,
              -33.938842555132666
            ],
            [
              -70.37020140477809,
              -33.93520002976954
            ],
            [
              -70.37534052368639,
              -33.92955653741344
            ],
            [
              -70.37622718782127,
              -33.92794034978176
            ],
            [
              -70.37672814591588,
              -33.9223424990747
            ],
            [
              -70.3786429947755,
              -33.91882179886274
            ],
            [
              -70.37573399566232,
              -33.91547163038943
            ],
            [
              -70.37567416337279,
              -33.91259224610547
            ],
            [
              -70.37503751565285,
              -33.91106967989408
            ],
            [
              -70.37173997002644,
              -33.90956687804468
            ],
            [
              -70.36911085541304,
              -33.907669595083355
            ],
            [
              -70.36860497634731,
              -33.906391767235775
            ],
            [
              -70.37266899511687,
              -33.900160304547754
            ],
            [
              -70.37257286549999,
              -33.897727674144285
            ],
            [
              -70.37139026037791,
              -33.89535479365585
            ],
            [
              -70.37319517071812,
              -33.89371221761459
            ],
            [
              -70.37434001246228,
              -33.89016801969085
            ],
            [
              -70.37551931986896,
              -33.888770935046615
            ],
            [
              -70.37457174187298,
              -33.886777249179396
            ],
            [
              -70.37491089811355,
              -33.88368986907923
            ],
            [
              -70.37647300461225,
              -33.88250097021069
            ],
            [
              -70.38260537635718,
              -33.87968691486781
            ],
            [
              -70.38518202486641,
              -33.879382784022404
            ],
            [
              -70.38809229599404,
              -33.88096466708552
            ],
            [
              -70.39137900254823,
              -33.88186256925615
            ],
            [
              -70.39647984873389,
              -33.8808375981583
            ],
            [
              -70.39882377609234,
              -33.87990292306111
            ],
            [
              -70.40168587326625,
              -33.87670864850079
            ],
            [
              -70.40583409472062,
              -33.87467486217961
            ],
            [
              -70.41070202482109,
              -33.87099671544763
            ],
            [
              -70.41321030435067,
              -33.867577213441166
            ],
            [
              -70.41412551245371,
              -33.86401276100836
            ],
            [
              -70.41758719465557,
              -33.859822560195134
            ],
            [
              -70.41881327464415,
              -33.85634166963408
            ],
            [
              -70.42264074633812,
              -33.85465107245507
            ],
            [
              -70.42741612840474,
              -33.85485568011164
            ],
            [
              -70.4338112232343,
              -33.8536023153063
            ],
            [
              -70.43035250637118,
              -33.852055204258924
            ],
            [
              -70.42859157844559,
              -33.85202576136596
            ],
            [
              -70.42704410280793,
              -33.85082879689372
            ],
            [
              -70.42627184541269,
              -33.84872561994408
            ],
            [
              -70.42189218829671,
              -33.84259766338485
            ],
            [
              -70.42002718874882,
              -33.84117857501259
            ],
            [
              -70.41805934198239,
              -33.84049689228659
            ],
            [
              -70.41367286665339,
              -33.83971498347282
            ],
            [
              -70.41138410034496,
              -33.8381725186829
            ],
            [
              -70.40951326264604,
              -33.83521670504271
            ],
            [
              -70.4090587636213,
              -33.83323706168254
            ],
            [
              -70.4078093723511,
              -33.83190678378484
            ],
            [
              -70.40854684069035,
              -33.8265841286406
            ],
            [
              -70.40752253309435,
              -33.82259415439696
            ],
            [
              -70.40627514955882,
              -33.82020732342263
            ],
            [
              -70.40648383897911,
              -33.81889237821266
            ],
            [
              -70.40479872706686,
              -33.816702600401264
            ],
            [
              -70.40376351571997,
              -33.81437744772051
            ],
            [
              -70.40301849524414,
              -33.80398148887197
            ],
            [
              -70.40351714287183,
              -33.80163879547153
            ],
            [
              -70.40479032781897,
              -33.799767553955
            ],
            [
              -70.40471817603367,
              -33.798872027087945
            ],
            [
              -70.40610264068492,
              -33.796775289294075
            ],
            [
              -70.40586652839396,
              -33.79405687224691
            ],
            [
              -70.40342552459433,
              -33.791331495281554
            ],
            [
              -70.40316783477024,
              -33.78963769364697
            ],
            [
              -70.40667490704679,
              -33.786044196634016
            ],
            [
              -70.40720713639473,
              -33.78459745122073
            ],
            [
              -70.40723992759754,
              -33.779571000937366
            ],
            [
              -70.40828785190236,
              -33.77450082786515
            ],
            [
              -70.40781230085895,
              -33.77354585197199
            ],
            [
              -70.40467091476825,
              -33.77015618990443
            ],
            [
              -70.4039219614681,
              -33.768884199048145
            ],
            [
              -70.40379151261413,
              -33.765588246022745
            ],
            [
              -70.40260998906363,
              -33.76364880875402
            ],
            [
              -70.4025704613945,
              -33.762400731372374
            ],
            [
              -70.40416973748471,
              -33.75940521549207
            ],
            [
              -70.40225702032726,
              -33.756097530580945
            ],
            [
              -70.40325765372222,
              -33.754005254584975
            ],
            [
              -70.39999974895268,
              -33.749272204285205
            ],
            [
              -70.40031389609574,
              -33.74737981466662
            ],
            [
              -70.4036121019839,
              -33.74282843893784
            ],
            [
              -70.40319013005727,
              -33.738095099696665
            ],
            [
              -70.4036166223064,
              -33.73251987962262
            ],
            [
              -70.40463018605159,
              -33.73122775744687
            ],
            [
              -70.40458596648172,
              -33.72969160550384
            ],
            [
              -70.40265830944277,
              -33.72660814373373
            ],
            [
              -70.40285576632876,
              -33.72343647290053
            ],
            [
              -70.40401243619027,
              -33.72153449350583
            ],
            [
              -70.40356874659334,
              -33.72016297333064
            ],
            [
              -70.40414248259898,
              -33.71775534842141
            ],
            [
              -70.40262622162082,
              -33.715211456456345
            ],
            [
              -70.40051949081987,
              -33.71286639779113
            ],
            [
              -70.40050432995284,
              -33.711938146905034
            ],
            [
              -70.40174936798715,
              -33.708402408819445
            ],
            [
              -70.40518827609995,
              -33.70669864044276
            ],
            [
              -70.40919610435014,
              -33.70348361627959
            ],
            [
              -70.4130461965213,
              -33.70235103953539
            ],
            [
              -70.41498089096218,
              -33.70120846031958
            ],
            [
              -70.41801858002806,
              -33.7007574705935
            ],
            [
              -70.4220220146182,
              -33.699654993714205
            ],
            [
              -70.43055813612962,
              -33.695874732499135
            ],
            [
              -70.43387360494258,
              -33.69487588230343
            ],
            [
              -70.43694964129129,
              -33.69099849990042
            ],
            [
              -70.43768561752884,
              -33.68919714750746
            ],
            [
              -70.43891460266903,
              -33.68825441818524
            ],
            [
              -70.43970141456852,
              -33.68491580411734
            ],
            [
              -70.4409289525228,
              -33.68344122728545
            ],
            [
              -70.4384079357808,
              -33.678222250772954
            ],
            [
              -70.43643729884708,
              -33.6764318433196
            ],
            [
              -70.43170792669268,
              -33.67348019635723
            ],
            [
              -70.43067539861353,
              -33.66972216121414
            ],
            [
              -70.43225026208759,
              -33.668319888306414
            ],
            [
              -70.4336966943238,
              -33.666060253542256
            ],
            [
              -70.43344389582643,
              -33.6645837047443
            ],
            [
              -70.43033022725383,
              -33.66266319346959
            ],
            [
              -70.42949740903539,
              -33.66062086458293
            ],
            [
              -70.4262967080848,
              -33.66032376567663
            ],
            [
              -70.4241926839078,
              -33.66077748355768
            ],
            [
              -70.42133418628325,
              -33.66047638648868
            ],
            [
              -70.41301519655916,
              -33.65449402523091
            ],
            [
              -70.41072522650825,
              -33.65172898114075
            ],
            [
              -70.40821430862667,
              -33.64955019681109
            ],
            [
              -70.40724073158974,
              -33.646607250427216
            ],
            [
              -70.41019796664042,
              -33.64600091781272
            ],
            [
              -70.41132266276604,
              -33.64498591980027
            ],
            [
              -70.41202607237959,
              -33.642639484163595
            ],
            [
              -70.41315520348778,
              -33.64191077346025
            ],
            [
              -70.41426576911397,
              -33.64003692488246
            ],
            [
              -70.4176660954836,
              -33.63789295839596
            ],
            [
              -70.42123752486374,
              -33.63680347132897
            ],
            [
              -70.42374198834997,
              -33.63320056178232
            ],
            [
              -70.4247854579093,
              -33.62737452322828
            ],
            [
              -70.42645953401826,
              -33.62525847428955
            ],
            [
              -70.42692346355685,
              -33.62229842272266
            ],
            [
              -70.4277993523999,
              -33.62014383819412
            ],
            [
              -70.42967710622818,
              -33.62002683993683
            ],
            [
              -70.43511180320434,
              -33.62066004723448
            ],
            [
              -70.43584771835646,
              -33.620317426259746
            ],
            [
              -70.43711982263028,
              -33.61791652179167
            ],
            [
              -70.43918545281204,
              -33.61522001947683
            ],
            [
              -70.44101634243026,
              -33.60870847057301
            ],
            [
              -70.44035807226142,
              -33.60341896863559
            ],
            [
              -70.44054560725507,
              -33.60098292556328
            ],
            [
              -70.44360009571507,
              -33.589207624303285
            ],
            [
              -70.44399181148461,
              -33.58533749392033
            ],
            [
              -70.44382497816667,
              -33.5787451637751
            ],
            [
              -70.44994088918233,
              -33.57983406387529
            ],
            [
              -70.45265692657924,
              -33.58282828046809
            ],
            [
              -70.45448615072092,
              -33.583020668714525
            ],
            [
              -70.45853391088215,
              -33.582667384218645
            ],
            [
              -70.4613628503406,
              -33.58150307058466
            ],
            [
              -70.46244898628264,
              -33.58311024743942
            ],
            [
              -70.46021970281906,
              -33.58735474884561
            ],
            [
              -70.45963606737897,
              -33.589562404096824
            ],
            [
              -70.46086731627369,
              -33.591106782182614
            ],
            [
              -70.46638487924155,
              -33.59125545789428
            ],
            [
              -70.47339767811833,
              -33.592348944301186
            ],
            [
              -70.47567369373961,
              -33.5908851779412
            ],
            [
              -70.47671082478627,
              -33.589589020211456
            ],
            [
              -70.47916250416475,
              -33.589865366206034
            ],
            [
              -70.4806633770021,
              -33.594340687475245
            ],
            [
              -70.48220702312172,
              -33.59490303224797
            ],
            [
              -70.48532219906735,
              -33.59445298476972
            ],
            [
              -70.48751589936421,
              -33.594579406318594
            ],
            [
              -70.48899228682187,
              -33.59547869322263
            ],
            [
              -70.49116132836419,
              -33.59841744089609
            ],
            [
              -70.49535749649854,
              -33.59985882566667
            ],
            [
              -70.49588007973699,
              -33.59202254758033
            ],
            [
              -70.49723020628652,
              -33.59095633423005
            ],
            [
              -70.49844482197544,
              -33.588650965586226
            ],
            [
              -70.49795912086762,
              -33.58693881320056
            ],
            [
              -70.49805314842672,
              -33.58249693687339
            ],
            [
              -70.5003468545709,
              -33.57994251307059
            ],
            [
              -70.50045844599045,
              -33.57321233676968
            ],
            [
              -70.50008341642732,
              -33.571308018009326
            ],
            [
              -70.49868744525557,
              -33.56970241850028
            ],
            [
              -70.49596976484001,
              -33.567717610370025
            ],
            [
              -70.49504199200109,
              -33.56562476637439
            ],
            [
              -70.49339393649264,
              -33.5633596064846
            ],
            [
              -70.49107495085805,
              -33.56129968714698
            ],
            [
              -70.48946362476661,
              -33.560412452330525
            ],
            [
              -70.48875767561576,
              -33.55913243072033
            ],
            [
              -70.48852857467558,
              -33.555746896611005
            ],
            [
              -70.48682278085056,
              -33.552665457427736
            ],
            [
              -70.48602534727117,
              -33.54604154337552
            ],
            [
              -70.4875459740616,
              -33.54343050797702
            ],
            [
              -70.4868422150034,
              -33.54049600299652
            ],
            [
              -70.48458749125098,
              -33.53861410695795
            ],
            [
              -70.48092394951993,
              -33.53765588975227
            ],
            [
              -70.47999845211363,
              -33.536855618789644
            ],
            [
              -70.4797959547806,
              -33.53165629968416
            ],
            [
              -70.4761653120502,
              -33.52926576672451
            ],
            [
              -70.47363113678594,
              -33.52802345856486
            ],
            [
              -70.46922830133899,
              -33.52677121988974
            ],
            [
              -70.46747577445795,
              -33.52421494709557
            ],
            [
              -70.4658402378713,
              -33.51845991808674
            ],
            [
              -70.46392351871924,
              -33.51628733994804
            ],
            [
              -70.46146043432992,
              -33.51550516077362
            ],
            [
              -70.45543044447624,
              -33.51081360299496
            ],
            [
              -70.45477647454267,
              -33.509859374024714
            ],
            [
              -70.45051926139315,
              -33.50606867343238
            ],
            [
              -70.44846506856162,
              -33.5051643394028
            ],
            [
              -70.44310921042975,
              -33.504183300095875
            ],
            [
              -70.43898723145976,
              -33.50022534283171
            ],
            [
              -70.43716566904914,
              -33.49775304393397
            ],
            [
              -70.43790149436971,
              -33.492155344372094
            ],
            [
              -70.43793944819046,
              -33.49015756039304
            ],
            [
              -70.43904655440448,
              -33.488419758225675
            ],
            [
              -70.43915293559539,
              -33.486605138610365
            ],
            [
              -70.43775839723652,
              -33.483497683119445
            ],
            [
              -70.43616950656933,
              -33.48185055714221
            ],
            [
              -70.43441645956372,
              -33.48097019136787
            ],
            [
              -70.42931610834981,
              -33.48223499765432
            ],
            [
              -70.42917435509627,
              -33.484044922745895
            ],
            [
              -70.42776845304908,
              -33.484218125914744
            ],
            [
              -70.42554128781293,
              -33.483284581649166
            ],
            [
              -70.41953992008084,
              -33.48190032901623
            ],
            [
              -70.41566830337717,
              -33.48307661493743
            ],
            [
              -70.40934506838045,
              -33.48638672314581
            ],
            [
              -70.40707736127722,
              -33.487239365065186
            ],
            [
              -70.40408994283297,
              -33.489069581452505
            ],
            [
              -70.40139552339338,
              -33.489960275500685
            ],
            [
              -70.39684818135656,
              -33.489827146246135
            ],
            [
              -70.3933533854567,
              -33.49050319875496
            ],
            [
              -70.38850752516615,
              -33.48670598423273
            ],
            [
              -70.38300725746247,
              -33.48532069391639
            ],
            [
              -70.37929996148888,
              -33.483083460732026
            ],
            [
              -70.37646231466037,
              -33.48271162623601
            ],
            [
              -70.37274010036485,
              -33.48289225629428
            ],
            [
              -70.36351275758166,
              -33.485902086955534
            ],
            [
              -70.36105136472003,
              -33.48715187761491
            ],
            [
              -70.35925352232448,
              -33.4872015348115
            ],
            [
              -70.35710489859024,
              -33.48639577285486
            ],
            [
              -70.35381629030259,
              -33.486429900865836
            ],
            [
              -70.35188286248625,
              -33.48830741822465
            ],
            [
              -70.35129977412018,
              -33.49057793637583
            ],
            [
              -70.34821563856086,
              -33.48993951199538
            ],
            [
              -70.34615702961136,
              -33.48877218893343
            ],
            [
              -70.3432715897148,
              -33.48628548681275
            ],
            [
              -70.34041880088387,
              -33.48428198791668
            ],
            [
              -70.3345479134468,
              -33.476719402191506
            ],
            [
              -70.33053883384339,
              -33.4749422202225
            ],
            [
              -70.32526178221646,
              -33.47312608787211
            ],
            [
              -70.32155878557984,
              -33.47274288004735
            ],
            [
              -70.31957855104561,
              -33.471519518997525
            ],
            [
              -70.31772669924023,
              -33.469211064074784
            ],
            [
              -70.31504474302687,
              -33.46656488447097
            ],
            [
              -70.31141090409069,
              -33.465841738716186
            ],
            [
              -70.30660357613594,
              -33.46529465689056
            ],
            [
              -70.30465318363547,
              -33.46453153733818
            ],
            [
              -70.30083241786508,
              -33.460760938867715
            ],
            [
              -70.2989850270934,
              -33.45717790127308
            ],
            [
              -70.29943737285639,
              -33.45558270238557
            ],
            [
              -70.299188640134,
              -33.45281702320955
            ],
            [
              -70.29757580577122,
              -33.45180540309232
            ],
            [
              -70.29228451315208,
              -33.451045751235455
            ],
            [
              -70.28934355108275,
              -33.451978695435294
            ],
            [
              -70.28533603005637,
              -33.45236644711601
            ],
            [
              -70.28345536119498,
              -33.45369542051929
            ],
            [
              -70.28255187251315,
              -33.45564262676021
            ],
            [
              -70.28065406559277,
              -33.45507030251004
            ],
            [
              -70.27619189282807,
              -33.45281030468747
            ],
            [
              -70.27306259446785,
              -33.449394093640265
            ],
            [
              -70.26682454311627,
              -33.44537258678018
            ],
            [
              -70.26373372948113,
              -33.44437154551086
            ],
            [
              -70.25801049094078,
              -33.44387769590851
            ],
            [
              -70.2554837267776,
              -33.442127981064935
            ],
            [
              -70.2545228591053,
              -33.439776268200745
            ],
            [
              -70.25360246682476,
              -33.439169024730035
            ],
            [
              -70.25095191571374,
              -33.43884211629597
            ],
            [
              -70.24859422347018,
              -33.43734655441696
            ],
            [
              -70.24599693257404,
              -33.43673337179047
            ],
            [
              -70.24417987880783,
              -33.435803329677114
            ],
            [
              -70.24282039810124,
              -33.43277875015814
            ],
            [
              -70.2412479627734,
              -33.43086282950539
            ],
            [
              -70.23831461392611,
              -33.42943946742259
            ],
            [
              -70.23624906908431,
              -33.426099430935544
            ],
            [
              -70.2361756183351,
              -33.423957406554024
            ],
            [
              -70.2288376670547,
              -33.41945496227813
            ],
            [
              -70.22600105778035,
              -33.41627856781193
            ],
            [
              -70.22413116241415,
              -33.41492746072741
            ],
            [
              -70.22150959903905,
              -33.414087760579335
            ],
            [
              -70.21898042469596,
              -33.41226518579267
            ],
            [
              -70.2174335248784,
              -33.40885041246343
            ],
            [
              -70.21695306454195,
              -33.40442278270946
            ],
            [
              -70.2180814958625,
              -33.40261101865665
            ],
            [
              -70.21777144593545,
              -33.40061743407615
            ],
            [
              -70.21400341217056,
              -33.39638263206838
            ],
            [
              -70.2124569830702,
              -33.39539522550188
            ],
            [
              -70.20904315592014,
              -33.39442999810782
            ],
            [
              -70.20619936102183,
              -33.39278871515183
            ],
            [
              -70.2031819038128,
              -33.391550534749996
            ],
            [
              -70.20055226368497,
              -33.3867199134587
            ],
            [
              -70.19905523653534,
              -33.38484251524853
            ],
            [
              -70.19843847302421,
              -33.3808240137195
            ],
            [
              -70.19595998073113,
              -33.37810689941115
            ],
            [
              -70.19402404751347,
              -33.37729316102621
            ],
            [
              -70.19321467262901,
              -33.37608193083832
            ],
            [
              -70.19443223928364,
              -33.373345965471245
            ],
            [
              -70.19418327120263,
              -33.371643041067955
            ],
            [
              -70.19206528361285,
              -33.369291053348135
            ],
            [
              -70.19183103891937,
              -33.366629481726164
            ],
            [
              -70.18999654795516,
              -33.36467577664835
            ],
            [
              -70.18692159407637,
              -33.363115298622496
            ],
            [
              -70.18297391072939,
              -33.36286719590316
            ],
            [
              -70.18162500768527,
              -33.362463556487
            ],
            [
              -70.18122271874485,
              -33.36007899764804
            ],
            [
              -70.1795591592129,
              -33.358158895531815
            ],
            [
              -70.17726077374441,
              -33.35651129146907
            ],
            [
              -70.17731423608024,
              -33.35554511396475
            ],
            [
              -70.17981888102616,
              -33.351855264081905
            ],
            [
              -70.18023687700934,
              -33.350687092346746
            ],
            [
              -70.17909141902089,
              -33.349007792689164
            ],
            [
              -70.17617975460624,
              -33.347259665945344
            ],
            [
              -70.17591722106613,
              -33.345614746973084
            ],
            [
              -70.17804516288757,
              -33.3439187257289
            ],
            [
              -70.17916367051919,
              -33.3412871268644
            ],
            [
              -70.1820842776625,
              -33.3380592689189
            ],
            [
              -70.18233849998957,
              -33.33665946858767
            ],
            [
              -70.18158816867378,
              -33.33262230932828
            ],
            [
              -70.18184020809474,
              -33.329659793247984
            ],
            [
              -70.1825599508768,
              -33.327832423844676
            ],
            [
              -70.18269484998468,
              -33.3253877692148
            ],
            [
              -70.18208050833155,
              -33.322094365772486
            ],
            [
              -70.18446573932847,
              -33.31572907345674
            ],
            [
              -70.18674037154423,
              -33.311363525700486
            ],
            [
              -70.18652599219493,
              -33.308828734474744
            ],
            [
              -70.18797365961464,
              -33.30502548976991
            ],
            [
              -70.19007333235241,
              -33.30221121583379
            ],
            [
              -70.19290187834875,
              -33.297416665447635
            ],
            [
              -70.19500802434645,
              -33.29608873863875
            ],
            [
              -70.19710787674727,
              -33.293274270961135
            ],
            [
              -70.19888182215963,
              -33.29155958801868
            ],
            [
              -70.1993040617842,
              -33.29031498453132
            ],
            [
              -70.1990293138512,
              -33.287259978348104
            ],
            [
              -70.1994874905787,
              -33.28052248383376
            ],
            [
              -70.20047536879497,
              -33.27862872856748
            ],
            [
              -70.20022053741012,
              -33.276835485306485
            ],
            [
              -70.19825461214006,
              -33.27238195970817
            ],
            [
              -70.20086119071792,
              -33.26676339960722
            ],
            [
              -70.20355296731397,
              -33.26441759514942
            ],
            [
              -70.20453241753623,
              -33.26267195270146
            ],
            [
              -70.20944043944782,
              -33.26019104280817
            ],
            [
              -70.210547654358,
              -33.25934211405987
            ],
            [
              -70.2104538163434,
              -33.256217533759184
            ],
            [
              -70.20998994878858,
              -33.25338042030595
            ],
            [
              -70.20906842193583,
              -33.252453108439916
            ],
            [
              -70.20822393370354,
              -33.250119225131144
            ],
            [
              -70.20940383759157,
              -33.24793552613514
            ],
            [
              -70.21286048832953,
              -33.24614139419858
            ],
            [
              -70.21464538510351,
              -33.244201698287995
            ],
            [
              -70.21693986469717,
              -33.23939023916168
            ],
            [
              -70.22082029836535,
              -33.23735271779563
            ],
            [
              -70.2215111719891,
              -33.23633616673102
            ],
            [
              -70.22332053168492,
              -33.23026560412995
            ],
            [
              -70.22276000001563,
              -33.227910000219
            ],
            [
              -70.2207189270788,
              -33.22697023794729
            ],
            [
              -70.22019999998358,
              -33.22427000084059
            ],
            [
              -70.2175970011921,
              -33.22298111026406
            ],
            [
              -70.21771751647569,
              -33.21785261286594
            ],
            [
              -70.2183910301566,
              -33.21683829265679
            ],
            [
              -70.22373753862297,
              -33.21355384137732
            ],
            [
              -70.22615283084254,
              -33.211381394993325
            ],
            [
              -70.22808113287188,
              -33.20759598422153
            ],
            [
              -70.23043995339943,
              -33.204007183533236
            ],
            [
              -70.23199108697695,
              -33.2031029912475
            ],
            [
              -70.23559112320727,
              -33.20268264866223
            ],
            [
              -70.2373258930901,
              -33.2016368503375
            ],
            [
              -70.23982033047947,
              -33.19798091575706
            ],
            [
              -70.24019734801433,
              -33.19673432888404
            ],
            [
              -70.23982766612208,
              -33.19215355576235
            ],
            [
              -70.24162438113197,
              -33.190776740298844
            ],
            [
              -70.2426542645709,
              -33.18806896922803
            ],
            [
              -70.24373083704845,
              -33.18699670102606
            ],
            [
              -70.24361175547605,
              -33.185671199149546
            ],
            [
              -70.24154349323051,
              -33.18260829865607
            ],
            [
              -70.2412290550333,
              -33.18101594448247
            ],
            [
              -70.2376898302561,
              -33.17583513994913
            ],
            [
              -70.23916688426371,
              -33.173197127803256
            ],
            [
              -70.23996614771134,
              -33.17036628534417
            ],
            [
              -70.23997098064757,
              -33.16682244617959
            ],
            [
              -70.2392465585412,
              -33.16468090570318
            ],
            [
              -70.2380267838276,
              -33.16306296703416
            ],
            [
              -70.23487540308106,
              -33.16189575605529
            ],
            [
              -70.23257688196695,
              -33.16057616737886
            ],
            [
              -70.22973948487011,
              -33.15739216819449
            ],
            [
              -70.22931447573953,
              -33.15552660154675
            ],
            [
              -70.22696747883774,
              -33.15070761247834
            ],
            [
              -70.22689054891343,
              -33.14927017310468
            ],
            [
              -70.22784386444913,
              -33.14815809946655
            ],
            [
              -70.2307815844986,
              -33.14630728743439
            ],
            [
              -70.23217736612581,
              -33.14423198484689
            ],
            [
              -70.23608816734219,
              -33.14270708544086
            ],
            [
              -70.236226787272,
              -33.14040444728822
            ],
            [
              -70.23190592039978,
              -33.139080951044605
            ],
            [
              -70.22929503440014,
              -33.13575082449584
            ],
            [
              -70.2279183356845,
              -33.13509314496466
            ],
            [
              -70.22404607488878,
              -33.135275112658675
            ],
            [
              -70.22260769425247,
              -33.134282460661936
            ],
            [
              -70.22058041674346,
              -33.131905240377186
            ],
            [
              -70.21774077296008,
              -33.130518767251
            ],
            [
              -70.21698683221348,
              -33.12956723388587
            ],
            [
              -70.21315264201948,
              -33.12835816276308
            ],
            [
              -70.20932315360768,
              -33.127484519481115
            ],
            [
              -70.20512564788186,
              -33.12469658565405
            ],
            [
              -70.20373612661388,
              -33.12308000103118
            ],
            [
              -70.20276059484287,
              -33.11630557010524
            ],
            [
              -70.20119976574851,
              -33.11464265336729
            ],
            [
              -70.20001621020884,
              -33.11139393991451
            ],
            [
              -70.1990970099927,
              -33.11082750354752
            ],
            [
              -70.19390070792664,
              -33.10991856373567
            ],
            [
              -70.19107900170287,
              -33.10977776807788
            ],
            [
              -70.18958830947261,
              -33.109072863891214
            ],
            [
              -70.18624611039006,
              -33.106228145729375
            ],
            [
              -70.18540751690266,
              -33.1031678082975
            ],
            [
              -70.18373965264388,
              -33.101985135558664
            ],
            [
              -70.1811818031786,
              -33.10239295299934
            ],
            [
              -70.17880379014503,
              -33.10347013630581
            ],
            [
              -70.17820802924521,
              -33.105777064603956
            ],
            [
              -70.17719562971665,
              -33.10674554193464
            ],
            [
              -70.17367884844849,
              -33.107881333563284
            ],
            [
              -70.16113512865559,
              -33.11135480861741
            ],
            [
              -70.1558604360046,
              -33.11312978358604
            ],
            [
              -70.1549664712614,
              -33.110117698806725
            ],
            [
              -70.15293028785466,
              -33.10687641277019
            ],
            [
              -70.15549763071587,
              -33.105006848855005
            ],
            [
              -70.15874083365748,
              -33.1003742803844
            ],
            [
              -70.15872501791858,
              -33.09917582234849
            ],
            [
              -70.15688748615713,
              -33.09804223982644
            ],
            [
              -70.15224490114066,
              -33.095832039716946
            ],
            [
              -70.15043377176374,
              -33.094530241427336
            ],
            [
              -70.1479930033227,
              -33.095175989335914
            ],
            [
              -70.14645285973438,
              -33.09499842542722
            ],
            [
              -70.14444281909904,
              -33.09372245645452
            ],
            [
              -70.14210656514973,
              -33.09364805168475
            ],
            [
              -70.1387564680792,
              -33.09444573316136
            ],
            [
              -70.13636085345591,
              -33.09417994976662
            ],
            [
              -70.13520214441871,
              -33.09265637266872
            ],
            [
              -70.13238695906557,
              -33.09076421758276
            ],
            [
              -70.13163261048382,
              -33.089668437019576
            ],
            [
              -70.13222756739144,
              -33.0872178584575
            ],
            [
              -70.13042426773055,
              -33.08426178067863
            ],
            [
              -70.12980759045767,
              -33.08057577335178
            ],
            [
              -70.12910900210225,
              -33.079383488637426
            ],
            [
              -70.12427291278705,
              -33.075256201922905
            ],
            [
              -70.1168969385156,
              -33.07287738060304
            ],
            [
              -70.1133295892835,
              -33.072214067837926
            ],
            [
              -70.11352960546971,
              -33.07000686053116
            ],
            [
              -70.116111659142,
              -33.0670592720157
            ],
            [
              -70.11602938603839,
              -33.06504640184953
            ],
            [
              -70.11174235510967,
              -33.061464970273796
            ],
            [
              -70.10841637600788,
              -33.059576870765525
            ],
            [
              -70.10697760011286,
              -33.05834307539069
            ],
            [
              -70.10275728616197,
              -33.05320263952476
            ],
            [
              -70.10155351493516,
              -33.0525420712712
            ],
            [
              -70.09939521724364,
              -33.05294459594645
            ],
            [
              -70.09508811435822,
              -33.05223938671868
            ],
            [
              -70.09365049549328,
              -33.05144350905939
            ],
            [
              -70.09166742587604,
              -33.05242402199501
            ],
            [
              -70.08934208376247,
              -33.054669441425155
            ],
            [
              -70.08607217660241,
              -33.056445281483484
            ],
            [
              -70.08404704247367,
              -33.058562896240126
            ],
            [
              -70.0806899960361,
              -33.05969105344452
            ],
            [
              -70.07895550193605,
              -33.06142383972728
            ],
            [
              -70.07461883010474,
              -33.06469717395474
            ],
            [
              -70.07312049590638,
              -33.071032375126336
            ],
            [
              -70.07123820828086,
              -33.075582598575366
            ],
            [
              -70.07019474680638,
              -33.079441089904265
            ],
            [
              -70.07072238127166,
              -33.08164154747524
            ],
            [
              -70.06933527198021,
              -33.08472973485049
            ],
            [
              -70.06783500370905,
              -33.08608877314494
            ],
            [
              -70.06749983868328,
              -33.08781369308208
            ],
            [
              -70.06933877720644,
              -33.091516229880256
            ],
            [
              -70.06939826544118,
              -33.09309464574791
            ],
            [
              -70.07083610619001,
              -33.095353710926766
            ],
            [
              -70.06925576029778,
              -33.09763728147624
            ],
            [
              -70.06863406683236,
              -33.09937788506769
            ],
            [
              -70.06600026570814,
              -33.10317762175902
            ],
            [
              -70.06659714141719,
              -33.104259562529286
            ],
            [
              -70.07077865623263,
              -33.10762715551178
            ],
            [
              -70.07175201318235,
              -33.10905717363904
            ],
            [
              -70.07326821038012,
              -33.1135304780639
            ],
            [
              -70.07621735879664,
              -33.11662837368134
            ],
            [
              -70.07649099102207,
              -33.118517032408775
            ],
            [
              -70.07565155581325,
              -33.121302848190055
            ],
            [
              -70.07413279931521,
              -33.12301693177397
            ],
            [
              -70.0696536708495,
              -33.12454157968906
            ],
            [
              -70.06592563906422,
              -33.126757741148374
            ],
            [
              -70.06166348967224,
              -33.128272712058575
            ],
            [
              -70.05732791288725,
              -33.131176078591984
            ],
            [
              -70.05592014953078,
              -33.132727702879706
            ],
            [
              -70.05234054188831,
              -33.13501697888973
            ],
            [
              -70.05201821019469,
              -33.13671529071861
            ],
            [
              -70.0524613931418,
              -33.13907907355152
            ],
            [
              -70.05449994360929,
              -33.142150285573486
            ],
            [
              -70.05664748487361,
              -33.14419009272378
            ],
            [
              -70.05685955824758,
              -33.14560805430549
            ],
            [
              -70.0564585844407,
              -33.14905050307094
            ],
            [
              -70.06302727690229,
              -33.151000301146276
            ],
            [
              -70.06626417995882,
              -33.15295267914521
            ],
            [
              -70.06722500181704,
              -33.15534144724914
            ],
            [
              -70.06658690870779,
              -33.15824324596308
            ],
            [
              -70.06519749344099,
              -33.16043963267035
            ],
            [
              -70.06267527834642,
              -33.16590524068015
            ],
            [
              -70.0574414554476,
              -33.1716998988805
            ],
            [
              -70.05949923615039,
              -33.174456595804465
            ],
            [
              -70.06051012920423,
              -33.17710861130048
            ],
            [
              -70.06220625536015,
              -33.17844149293737
            ],
            [
              -70.06507652271158,
              -33.17942014268632
            ],
            [
              -70.06479568689588,
              -33.18210643886622
            ],
            [
              -70.06211620733777,
              -33.19007852709582
            ],
            [
              -70.06036483479186,
              -33.193827514675824
            ],
            [
              -70.06075585257041,
              -33.19507694609382
            ],
            [
              -70.06472570454198,
              -33.200309817867954
            ],
            [
              -70.06471204655641,
              -33.20334892376672
            ],
            [
              -70.06421546954543,
              -33.20583297936485
            ],
            [
              -70.06313167640967,
              -33.20746953877974
            ],
            [
              -70.06167166434132,
              -33.21175697772675
            ],
            [
              -70.05942806981693,
              -33.21467580846589
            ],
            [
              -70.05759062878535,
              -33.21971378048647
            ],
            [
              -70.055855005503,
              -33.22223847272547
            ],
            [
              -70.05519264979624,
              -33.225873137891355
            ],
            [
              -70.05360509133061,
              -33.226530299452904
            ],
            [
              -70.04995362385529,
              -33.22680352260846
            ],
            [
              -70.04869737843946,
              -33.226136499518795
            ],
            [
              -70.04719346210995,
              -33.22661687400245
            ],
            [
              -70.04603251087777,
              -33.22788996611554
            ],
            [
              -70.04060384519045,
              -33.228771901915
            ],
            [
              -70.03790996024844,
              -33.22865520308905
            ],
            [
              -70.03233597769088,
              -33.23114304658318
            ],
            [
              -70.02794385734863,
              -33.232826886893115
            ],
            [
              -70.02662100365112,
              -33.23493990778486
            ],
            [
              -70.02654723220337,
              -33.23634644616971
            ],
            [
              -70.0273316905168,
              -33.23864732320365
            ],
            [
              -70.02938610074064,
              -33.24065248396763
            ],
            [
              -70.0286799288076,
              -33.244433745530074
            ],
            [
              -70.02790166527636,
              -33.24656857574499
            ],
            [
              -70.02878109976984,
              -33.2488958436402
            ],
            [
              -70.03048507720136,
              -33.24973860545151
            ],
            [
              -70.03150798612045,
              -33.251522257428526
            ],
            [
              -70.03396869087257,
              -33.25375530436227
            ],
            [
              -70.03465983488925,
              -33.255413048842605
            ],
            [
              -70.03476397029193,
              -33.25785333685008
            ],
            [
              -70.03641398682264,
              -33.261449786555396
            ],
            [
              -70.03871776308115,
              -33.27022842302762
            ],
            [
              -70.03818664584752,
              -33.27090959029194
            ],
            [
              -70.03503043665633,
              -33.271206555645676
            ],
            [
              -70.03112052567042,
              -33.27315293949973
            ],
            [
              -70.028796055821,
              -33.275617559403145
            ],
            [
              -70.02728943466416,
              -33.27664685119491
            ],
            [
              -70.02190741040468,
              -33.277088354907946
            ],
            [
              -70.01674754310825,
              -33.28083927474807
            ],
            [
              -70.01245360772828,
              -33.28213912199234
            ],
            [
              -70.01030903000608,
              -33.28371447855618
            ],
            [
              -70.00879611974392,
              -33.285787991271924
            ],
            [
              -70.00619905252829,
              -33.28607067723655
            ],
            [
              -70.0069868840156,
              -33.28767399785975
            ],
            [
              -70.00758643041601,
              -33.29054400630183
            ],
            [
              -70.0092266526152,
              -33.2939332608926
            ],
            [
              -70.01205099000444,
              -33.29895070298221
            ],
            [
              -70.01284136552064,
              -33.30113485778364
            ],
            [
              -70.01011757476452,
              -33.303736046242015
            ],
            [
              -70.00980615041509,
              -33.30862729200569
            ],
            [
              -70.00883229130714,
              -33.30957422837147
            ],
            [
              -70.00817638999571,
              -33.31176327304491
            ],
            [
              -70.00814859342587,
              -33.31395061722647
            ],
            [
              -70.00924675780956,
              -33.31646249076765
            ],
            [
              -70.00609499527904,
              -33.31926700416176
            ],
            [
              -70.00359428944563,
              -33.32227771779782
            ],
            [
              -70.00165071425982,
              -33.322757709227204
            ],
            [
              -69.99965582101682,
              -33.32208286539578
            ],
            [
              -69.99858739176733,
              -33.320648304413666
            ],
            [
              -69.99644381566668,
              -33.31983229706036
            ],
            [
              -69.99403539196578,
              -33.31775380142081
            ],
            [
              -69.99243737441529,
              -33.3186843246193
            ],
            [
              -69.98532945293306,
              -33.31520438717628
            ],
            [
              -69.9836762887056,
              -33.31367406474489
            ],
            [
              -69.97993442645817,
              -33.31217617181221
            ],
            [
              -69.97310092682054,
              -33.31121474924734
            ],
            [
              -69.96940023795585,
              -33.308903232875586
            ],
            [
              -69.96870381543857,
              -33.307294454761106
            ],
            [
              -69.96901949600583,
              -33.30303410171035
            ],
            [
              -69.96746231676647,
              -33.29901731712867
            ],
            [
              -69.96505864695003,
              -33.29588929930375
            ],
            [
              -69.96158159187871,
              -33.29247894279021
            ],
            [
              -69.9593789614296,
              -33.291205154650754
            ],
            [
              -69.95653822798978,
              -33.28898227894651
            ],
            [
              -69.9542213354298,
              -33.28884300393218
            ],
            [
              -69.95069871151907,
              -33.28492167608767
            ],
            [
              -69.9504149391107,
              -33.28316310793193
            ],
            [
              -69.94866049702146,
              -33.282037977238254
            ],
            [
              -69.94622118834278,
              -33.28269953998249
            ],
            [
              -69.94279302767403,
              -33.28459501897615
            ],
            [
              -69.94109910418717,
              -33.28227448763669
            ],
            [
              -69.94052054333014,
              -33.280193093179605
            ],
            [
              -69.93883878932043,
              -33.2779766892949
            ],
            [
              -69.93672907790938,
              -33.276129971017696
            ],
            [
              -69.9300733413917,
              -33.27498611802589
            ],
            [
              -69.92894351319087,
              -33.273342444865406
            ],
            [
              -69.9254795735227,
              -33.270759646029425
            ],
            [
              -69.92385741554557,
              -33.268524035397824
            ],
            [
              -69.92122176479018,
              -33.26767638488535
            ],
            [
              -69.9173617677947,
              -33.26729576733285
            ],
            [
              -69.91761775351468,
              -33.26427141715245
            ],
            [
              -69.91683286760318,
              -33.260736123353084
            ],
            [
              -69.91536037344397,
              -33.25670884107021
            ],
            [
              -69.91542781626056,
              -33.25589828273529
            ],
            [
              -69.91733852658166,
              -33.253342497231124
            ],
            [
              -69.91922307616507,
              -33.248259974194184
            ],
            [
              -69.92134642759542,
              -33.24580956892392
            ],
            [
              -69.91801642314284,
              -33.2447016356575
            ],
            [
              -69.90842138913408,
              -33.269889863434756
            ],
            [
              -69.90433547931937,
              -33.272929735552296
            ],
            [
              -69.9004005277949,
              -33.27333687584497
            ],
            [
              -69.89475300016503,
              -33.27540852919003
            ],
            [
              -69.89024153684066,
              -33.27598362712255
            ],
            [
              -69.88611694197657,
              -33.27863671622905
            ],
            [
              -69.884137769251,
              -33.27795626037163
            ],
            [
              -69.88180470611759,
              -33.27643263388893
            ],
            [
              -69.87768014538948,
              -33.27673506289512
            ],
            [
              -69.87554768324554,
              -33.27621470600282
            ],
            [
              -69.87215227335544,
              -33.276961423401175
            ],
            [
              -69.86773925999633,
              -33.27966949908982
            ],
            [
              -69.86646771177966,
              -33.279859986125885
            ],
            [
              -69.85978380858624,
              -33.28296906552589
            ],
            [
              -69.85910390159549,
              -33.28282828048416
            ],
            [
              -69.85709349085424,
              -33.28003883840522
            ],
            [
              -69.85537117341788,
              -33.27869765929889
            ],
            [
              -69.85282576741592,
              -33.27765994882386
            ],
            [
              -69.8489898066425,
              -33.27550605565628
            ],
            [
              -69.84624740638694,
              -33.275549655149355
            ],
            [
              -69.84303094629134,
              -33.27390761409992
            ],
            [
              -69.8406132223323,
              -33.27179895266065
            ],
            [
              -69.83732249941046,
              -33.2727920556941
            ],
            [
              -69.83517796121414,
              -33.27293689532561
            ],
            [
              -69.83356867789168,
              -33.27368480863346
            ],
            [
              -69.83183012879644,
              -33.27555290334937
            ],
            [
              -69.83161031913124,
              -33.27718716298204
            ],
            [
              -69.82966930773729,
              -33.27815987123025
            ],
            [
              -69.82817173890355,
              -33.280245090138976
            ],
            [
              -69.82615711416533,
              -33.28077342474216
            ],
            [
              -69.82434766823124,
              -33.280540276195694
            ],
            [
              -69.82164635242519,
              -33.282809250244924
            ],
            [
              -69.82059056067514,
              -33.284638167864976
            ],
            [
              -69.81668082036911,
              -33.288103799015225
            ],
            [
              -69.81442400533871,
              -33.28915297264835
            ],
            [
              -69.81190353477241,
              -33.28898451967194
            ],
            [
              -69.8100347721818,
              -33.28972569802081
            ],
            [
              -69.80657731026514,
              -33.289279286448554
            ],
            [
              -69.80533853528496,
              -33.28839437638946
            ],
            [
              -69.80165073275303,
              -33.287168317003406
            ],
            [
              -69.79991491184134,
              -33.28810850278368
            ],
            [
              -69.79909141274565,
              -33.289852398459374
            ],
            [
              -69.79783564882683,
              -33.29433360848693
            ],
            [
              -69.79701872899228,
              -33.29570859636208
            ],
            [
              -69.79581679931181,
              -33.29953013045268
            ],
            [
              -69.79329444587667,
              -33.30166198175145
            ],
            [
              -69.79299263170414,
              -33.303936496962
            ],
            [
              -69.79202642354748,
              -33.30675492924246
            ],
            [
              -69.79070252960089,
              -33.309017993456095
            ],
            [
              -69.78651787607181,
              -33.313186814272015
            ],
            [
              -69.78421486068635,
              -33.31447653843758
            ],
            [
              -69.78339578579345,
              -33.31669776756935
            ],
            [
              -69.78332407957251,
              -33.318392111870885
            ],
            [
              -69.78076539736898,
              -33.321656647047895
            ],
            [
              -69.77838681570181,
              -33.327756206280974
            ],
            [
              -69.77660840296754,
              -33.32914262145016
            ],
            [
              -69.7766349841168,
              -33.332693184816286
            ],
            [
              -69.77251472362394,
              -33.339231108816136
            ],
            [
              -69.76981355693825,
              -33.343164918733684
            ],
            [
              -69.76961359554926,
              -33.345927489299804
            ],
            [
              -69.76991391762009,
              -33.35051086722451
            ],
            [
              -69.77073996523625,
              -33.35260506842872
            ],
            [
              -69.77026815657428,
              -33.35606037470263
            ],
            [
              -69.77100339170174,
              -33.360240661094515
            ],
            [
              -69.77322388604857,
              -33.36636807665002
            ],
            [
              -69.77360414290835,
              -33.37057466091045
            ],
            [
              -69.77521027853406,
              -33.376863576876715
            ],
            [
              -69.77769052883014,
              -33.38081280014414
            ],
            [
              -69.77822529861373,
              -33.383774646028385
            ],
            [
              -69.78273674307346,
              -33.38840033196484
            ],
            [
              -69.78482521112468,
              -33.39110871224211
            ],
            [
              -69.78690723915363,
              -33.39286356549864
            ],
            [
              -69.78964668305358,
              -33.39433948824768
            ],
            [
              -69.79365895976109,
              -33.39565943080946
            ],
            [
              -69.7952431675107,
              -33.396852216920095
            ],
            [
              -69.8157284615392,
              -33.39113845480851
            ],
            [
              -69.81245512371305,
              -33.39301229397695
            ],
            [
              -69.80969126270537,
              -33.39513904737594
            ],
            [
              -69.8071992597504,
              -33.39657886390856
            ],
            [
              -69.80524597377641,
              -33.39881186264596
            ],
            [
              -69.8023346183822,
              -33.40323743331881
            ],
            [
              -69.80100863405595,
              -33.40401465064872
            ],
            [
              -69.79870372232692,
              -33.40832568370774
            ],
            [
              -69.79711028348942,
              -33.412690810516736
            ],
            [
              -69.79707329805252,
              -33.41515176390638
            ],
            [
              -69.79773378706014,
              -33.41728278316859
            ],
            [
              -69.79621688109158,
              -33.4196325000503
            ],
            [
              -69.79603614544631,
              -33.42301169704625
            ],
            [
              -69.79851317438379,
              -33.42443704489207
            ],
            [
              -69.803694934522,
              -33.42403521030098
            ],
            [
              -69.80716290762581,
              -33.4241760745448
            ],
            [
              -69.8116238910211,
              -33.42700882994784
            ],
            [
              -69.81593666317428,
              -33.42831753351097
            ],
            [
              -69.81807560935795,
              -33.429295743353585
            ],
            [
              -69.81903779755372,
              -33.43128566719605
            ],
            [
              -69.81916939086136,
              -33.4330426393508
            ],
            [
              -69.81862246417705,
              -33.43533851478478
            ],
            [
              -69.81463289957487,
              -33.43977730416605
            ],
            [
              -69.81448222605059,
              -33.44285508453011
            ],
            [
              -69.81583755384561,
              -33.44568091220104
            ],
            [
              -69.8181814479664,
              -33.449088414526614
            ],
            [
              -69.81920357804613,
              -33.451495097496256
            ],
            [
              -69.82134119921476,
              -33.45270119158875
            ],
            [
              -69.8211703737837,
              -33.45762870643253
            ],
            [
              -69.82134296620092,
              -33.460161796830604
            ],
            [
              -69.82077244077408,
              -33.46148858609095
            ],
            [
              -69.81938361570043,
              -33.461930230389385
            ],
            [
              -69.81709688677107,
              -33.465166255873
            ],
            [
              -69.81674317961951,
              -33.466592156710675
            ],
            [
              -69.81513360344626,
              -33.46937016776908
            ],
            [
              -69.81668526253819,
              -33.47125417924054
            ],
            [
              -69.82219138186763,
              -33.473695629836755
            ],
            [
              -69.82599081803993,
              -33.474512079737636
            ],
            [
              -69.82786302656797,
              -33.47608075502139
            ],
            [
              -69.82941058664726,
              -33.478964013752496
            ],
            [
              -69.82996524423292,
              -33.48079275139086
            ],
            [
              -69.83001996331181,
              -33.485364975767475
            ],
            [
              -69.8303894251168,
              -33.48685278380623
            ],
            [
              -69.83179654797449,
              -33.48922136959285
            ],
            [
              -69.83253761855802,
              -33.495128086348245
            ],
            [
              -69.8320102643671,
              -33.49709160188654
            ],
            [
              -69.83232347007575,
              -33.500211400759504
            ],
            [
              -69.83186522327965,
              -33.50211933059218
            ],
            [
              -69.83272479961546,
              -33.50373564723686
            ],
            [
              -69.83296842811039,
              -33.50569087562877
            ],
            [
              -69.83255712816936,
              -33.507722324915264
            ],
            [
              -69.83321117715468,
              -33.50978030206338
            ],
            [
              -69.83504441946064,
              -33.51360743123028
            ],
            [
              -69.83536299619637,
              -33.515376767527094
            ],
            [
              -69.83855772784189,
              -33.51814421770669
            ],
            [
              -69.84335161430504,
              -33.519650043930476
            ],
            [
              -69.84695969225382,
              -33.520309457010164
            ],
            [
              -69.85046804462965,
              -33.52249991366788
            ],
            [
              -69.8561597100827,
              -33.525564555862175
            ],
            [
              -69.85702774405691,
              -33.5271991035671
            ],
            [
              -69.85748217391136,
              -33.52967643955593
            ],
            [
              -69.86036204425318,
              -33.53256082480614
            ],
            [
              -69.86443869782718,
              -33.53439633976632
            ],
            [
              -69.8699317978732,
              -33.53783941743348
            ],
            [
              -69.87152515316738,
              -33.53947703508207
            ],
            [
              -69.87197207041113,
              -33.5437233925827
            ],
            [
              -69.87158656020357,
              -33.5445133524075
            ],
            [
              -69.87178231118884,
              -33.54761928567391
            ],
            [
              -69.87282772739735,
              -33.55267858551323
            ],
            [
              -69.87408298736129,
              -33.55545474896904
            ],
            [
              -69.87275347714755,
              -33.55899257934328
            ],
            [
              -69.86973163166834,
              -33.56364428838754
            ],
            [
              -69.8688203662711,
              -33.56606480230202
            ],
            [
              -69.86914854420058,
              -33.57204886933901
            ],
            [
              -69.86810083728808,
              -33.57381977883244
            ],
            [
              -69.86690820337417,
              -33.5779531250631
            ],
            [
              -69.86540347586592,
              -33.58462185213327
            ],
            [
              -69.86590364703633,
              -33.5882356715205
            ],
            [
              -69.86665495482085,
              -33.59026157425623
            ],
            [
              -69.86753964805199,
              -33.59582752697584
            ],
            [
              -69.86920408344133,
              -33.596067790602326
            ],
            [
              -69.87182028746746,
              -33.59791452289486
            ],
            [
              -69.87350602640377,
              -33.59978114469358
            ],
            [
              -69.87478686320048,
              -33.60200909357098
            ],
            [
              -69.87437415290445,
              -33.60480602347882
            ],
            [
              -69.8751587765079,
              -33.60791839478361
            ],
            [
              -69.8765971867886,
              -33.609828611153766
            ],
            [
              -69.87817773839502,
              -33.61286150554908
            ],
            [
              -69.87954091656732,
              -33.616452568511946
            ],
            [
              -69.88085121810536,
              -33.618645656935435
            ],
            [
              -69.8768045368208,
              -33.622065149265104
            ],
            [
              -69.87494574013996,
              -33.624728046924744
            ],
            [
              -69.87609557831372,
              -33.6304932869478
            ],
            [
              -69.87399754679801,
              -33.63409842339546
            ],
            [
              -69.87382624885309,
              -33.636592104492344
            ],
            [
              -69.87476498742669,
              -33.64065384376144
            ],
            [
              -69.87699689397091,
              -33.64324983771321
            ],
            [
              -69.87747168144634,
              -33.646090895504585
            ],
            [
              -69.87429036793621,
              -33.6493852964877
            ],
            [
              -69.87082576531137,
              -33.65095337536954
            ],
            [
              -69.87038807735884,
              -33.65279272812974
            ],
            [
              -69.8726723898201,
              -33.655366335687106
            ],
            [
              -69.8759275286769,
              -33.65850719982488
            ],
            [
              -69.87925613984248,
              -33.658599026258536
            ],
            [
              -69.87993060394095,
              -33.66183218904963
            ],
            [
              -69.88107797803589,
              -33.66531531282215
            ],
            [
              -69.88231825589753,
              -33.67231432166162
            ],
            [
              -69.88155731368161,
              -33.67339483076791
            ],
            [
              -69.882266173374,
              -33.67824650342057
            ],
            [
              -69.88351888571579,
              -33.680617339198534
            ],
            [
              -69.88433104627597,
              -33.68377588139038
            ],
            [
              -69.88272758044326,
              -33.68585704146084
            ],
            [
              -69.87796454033032,
              -33.688423699602936
            ],
            [
              -69.87335122512074,
              -33.69437341763551
            ],
            [
              -69.87309916593686,
              -33.695983860774795
            ],
            [
              -69.87197248273785,
              -33.698156747100874
            ],
            [
              -69.87112586100675,
              -33.703394025949024
            ],
            [
              -69.8693139671635,
              -33.7062722037713
            ],
            [
              -69.86922820949492,
              -33.70912322174416
            ],
            [
              -69.86457181288094,
              -33.71506168035508
            ],
            [
              -69.86455470626298,
              -33.71724467725572
            ],
            [
              -69.86649941961423,
              -33.71858200158952
            ],
            [
              -69.8689924879711,
              -33.72328295296132
            ],
            [
              -69.873123646825,
              -33.72693991017195
            ],
            [
              -69.87417968112018,
              -33.72755113502571
            ],
            [
              -69.87538305888488,
              -33.7310008411819
            ],
            [
              -69.87765657090148,
              -33.73357346576324
            ],
            [
              -69.87775369225841,
              -33.735727889509
            ],
            [
              -69.87658348748052,
              -33.737989037691534
            ],
            [
              -69.87949469914426,
              -33.74046682669397
            ],
            [
              -69.88275133639095,
              -33.744072145373366
            ],
            [
              -69.88496423458376,
              -33.74496444314523
            ],
            [
              -69.88589222391667,
              -33.74607089168005
            ],
            [
              -69.8894226236445,
              -33.74869667699605
            ],
            [
              -69.89335367288737,
              -33.753747727570506
            ],
            [
              -69.89645702969881,
              -33.75570770976931
            ],
            [
              -69.8997892449053,
              -33.760786067330095
            ],
            [
              -69.90064590620801,
              -33.766325453612424
            ],
            [
              -69.90272245002215,
              -33.76854039128422
            ],
            [
              -69.9037920219287,
              -33.77106152383869
            ],
            [
              -69.90423550401476,
              -33.77412615715708
            ],
            [
              -69.90395822283266,
              -33.77689024865536
            ],
            [
              -69.90258768476323,
              -33.78043090661284
            ],
            [
              -69.89778050143725,
              -33.78282922017479
            ],
            [
              -69.89512383549408,
              -33.789917513763534
            ],
            [
              -69.89356130229562,
              -33.79133407913135
            ],
            [
              -69.8952781130593,
              -33.795621483394235
            ],
            [
              -69.89533528184398,
              -33.802017486473694
            ],
            [
              -69.89283909094317,
              -33.805598593199996
            ],
            [
              -69.89308531287433,
              -33.80749979693158
            ],
            [
              -69.89394193465117,
              -33.80909878889715
            ],
            [
              -69.89634045981597,
              -33.81144016072417
            ],
            [
              -69.89668312487605,
              -33.81389576536727
            ],
            [
              -69.89651184399914,
              -33.81806459052037
            ],
            [
              -69.89668319943621,
              -33.82154812705026
            ],
            [
              -69.8947458235242,
              -33.823799088337736
            ],
            [
              -69.89478197442618,
              -33.82787368182901
            ],
            [
              -69.89710197066549,
              -33.82885688620313
            ],
            [
              -69.89726481905682,
              -33.831047472112196
            ],
            [
              -69.89576480950045,
              -33.83240804655494
            ],
            [
              -69.89528545409179,
              -33.83644494225944
            ],
            [
              -69.89795705542485,
              -33.83989676076408
            ],
            [
              -69.89894801306592,
              -33.843823576361046
            ],
            [
              -69.8983349533087,
              -33.847580332842504
            ],
            [
              -69.89775017700819,
              -33.848213470798235
            ],
            [
              -69.89353649352242,
              -33.84818712275306
            ],
            [
              -69.88999322542814,
              -33.849350232444664
            ],
            [
              -69.88834741750452,
              -33.85028584264551
            ],
            [
              -69.88627294251049,
              -33.85040221398855
            ],
            [
              -69.88561618151131,
              -33.85124386330649
            ],
            [
              -69.88551719884511,
              -33.85354509270653
            ],
            [
              -69.88404755234534,
              -33.85560466811762
            ],
            [
              -69.88043970256865,
              -33.8574896419329
            ],
            [
              -69.87863491439931,
              -33.8589588699007
            ],
            [
              -69.8750558807803,
              -33.85968324908982
            ],
            [
              -69.87321481055496,
              -33.86078613121608
            ],
            [
              -69.87283935069881,
              -33.86315676265721
            ],
            [
              -69.87013562471286,
              -33.86714574724383
            ],
            [
              -69.8694152522118,
              -33.86865113972628
            ],
            [
              -69.86950957980821,
              -33.87579605082129
            ],
            [
              -69.86792018608445,
              -33.87854374193122
            ],
            [
              -69.86755557338535,
              -33.88116702431945
            ],
            [
              -69.86318368040837,
              -33.88252419111443
            ],
            [
              -69.86096101213853,
              -33.88436283453228
            ],
            [
              -69.8576211890999,
              -33.885600882219975
            ],
            [
              -69.85654959867895,
              -33.88663218252401
            ],
            [
              -69.85675975864135,
              -33.88932893675774
            ],
            [
              -69.85538740687338,
              -33.89223860294994
            ],
            [
              -69.86051042976842,
              -33.897176083939804
            ],
            [
              -69.8628293722839,
              -33.89834462024902
            ],
            [
              -69.8643633965485,
              -33.9006825432835
            ],
            [
              -69.86646178739035,
              -33.90189585008129
            ],
            [
              -69.86977191122736,
              -33.90495173145296
            ],
            [
              -69.87281950601586,
              -33.907064592335736
            ],
            [
              -69.8750838857593,
              -33.91128787944709
            ],
            [
              -69.87545641171774,
              -33.91422553940316
            ],
            [
              -69.8800585303256,
              -33.91522337636218
            ],
            [
              -69.88142053619646,
              -33.915014527022116
            ],
            [
              -69.88472658078378,
              -33.916408444325036
            ],
            [
              -69.88643394216896,
              -33.91817691151457
            ],
            [
              -69.88883552430066,
              -33.91938897562817
            ],
            [
              -69.89066504668305,
              -33.92127515248205
            ],
            [
              -69.89194585024208,
              -33.92409299445034
            ],
            [
              -69.89148715518667,
              -33.926545823587155
            ],
            [
              -69.89157066976199,
              -33.931592140146904
            ],
            [
              -69.89405804639321,
              -33.935711922179145
            ],
            [
              -69.89218410142175,
              -33.940226527558174
            ],
            [
              -69.89350687247423,
              -33.94301463361439
            ],
            [
              -69.89530640370253,
              -33.945160636147754
            ],
            [
              -69.90070588132964,
              -33.949392261633456
            ],
            [
              -69.90080519098262,
              -33.95326418224284
            ],
            [
              -69.90050705541118,
              -33.95609294205591
            ],
            [
              -69.90127132768187,
              -33.9574754068097
            ],
            [
              -69.90390180863281,
              -33.96023666494869
            ],
            [
              -69.90593447693183,
              -33.96346386808085
            ],
            [
              -69.90549195244984,
              -33.96471968491991
            ],
            [
              -69.90367312091766,
              -33.96713407747983
            ],
            [
              -69.89961525650614,
              -33.97147263118486
            ],
            [
              -69.89762323427875,
              -33.97243897160708
            ],
            [
              -69.89445171689681,
              -33.97317160804236
            ],
            [
              -69.89040956042635,
              -33.97529527020285
            ],
            [
              -69.8853616456722,
              -33.975467705938804
            ],
            [
              -69.88236381305886,
              -33.976621449437715
            ],
            [
              -69.88090958703927,
              -33.97635821706006
            ],
            [
              -69.88009305617524,
              -33.974734710848594
            ],
            [
              -69.87982292019288,
              -33.97130602284279
            ],
            [
              -69.87748619822133,
              -33.96725088095206
            ],
            [
              -69.87610551817235,
              -33.965711969040875
            ],
            [
              -69.87415503224707,
              -33.96457242117672
            ],
            [
              -69.86946997757892,
              -33.96341761491134
            ],
            [
              -69.86353112360743,
              -33.963488978743186
            ],
            [
              -69.86062736167236,
              -33.96375918145821
            ],
            [
              -69.85704571305753,
              -33.963339045560296
            ],
            [
              -69.85558166396031,
              -33.963826942666884
            ],
            [
              -69.85491354645933,
              -33.96547394483915
            ],
            [
              -69.85443354067041,
              -33.96936190295682
            ],
            [
              -69.85297778392156,
              -33.9742175843726
            ],
            [
              -69.85212303962368,
              -33.97538386898396
            ],
            [
              -69.8480964293975,
              -33.979253678478926
            ],
            [
              -69.8457086004728,
              -33.98191783121094
            ],
            [
              -69.84523335305994,
              -33.98445526014696
            ],
            [
              -69.84362370052988,
              -33.98848937554529
            ],
            [
              -69.84087238898671,
              -33.99256097751974
            ],
            [
              -69.84178547526905,
              -33.99413022580131
            ],
            [
              -69.84077514006898,
              -33.9965640200038
            ],
            [
              -69.84240281999017,
              -33.99915390415354
            ],
            [
              -69.84170268293919,
              -34.00101544869865
            ],
            [
              -69.84050146741937,
              -34.00236066818433
            ],
            [
              -69.83930242222928,
              -34.007735716032066
            ],
            [
              -69.83589484286202,
              -34.00779490009293
            ],
            [
              -69.83278994723649,
              -34.00873569377389
            ],
            [
              -69.82627431556381,
              -34.009883846799596
            ],
            [
              -69.82387496574556,
              -34.0105210514847
            ],
            [
              -69.82201959613754,
              -34.01320267487359
            ],
            [
              -69.82157011061041,
              -34.0155565392556
            ],
            [
              -69.82366476985055,
              -34.017729521381455
            ],
            [
              -69.82576497708592,
              -34.02132542907939
            ],
            [
              -69.82802387890273,
              -34.02446882417882
            ],
            [
              -69.832046087384,
              -34.027285822846416
            ],
            [
              -69.83684649022624,
              -34.03219749682577
            ],
            [
              -69.84218850172631,
              -34.034988616377554
            ],
            [
              -69.84523413189929,
              -34.038831172467155
            ],
            [
              -69.84669386009999,
              -34.04129232301501
            ],
            [
              -69.84727735540291,
              -34.04530601513716
            ],
            [
              -69.84879667783957,
              -34.04835945960536
            ],
            [
              -69.8495509311999,
              -34.05111962751493
            ],
            [
              -69.85372078049305,
              -34.05520285818658
            ],
            [
              -69.85419646538544,
              -34.05642498837928
            ],
            [
              -69.85389894605831,
              -34.05878077351874
            ],
            [
              -69.85069625623768,
              -34.06151427465927
            ],
            [
              -69.85011145478434,
              -34.065514962251285
            ],
            [
              -69.84848602873622,
              -34.06841826894676
            ],
            [
              -69.8465654270655,
              -34.06907588756971
            ],
            [
              -69.84507673358677,
              -34.07023798372624
            ],
            [
              -69.8405159455668,
              -34.07094658538581
            ],
            [
              -69.83545146048893,
              -34.0713411325985
            ],
            [
              -69.83312104918224,
              -34.070972781934124
            ],
            [
              -69.83230025221891,
              -34.07334698451642
            ],
            [
              -69.83413745519697,
              -34.07717491358638
            ],
            [
              -69.83413895807843,
              -34.07968273011007
            ],
            [
              -69.83361343375574,
              -34.08249259431801
            ],
            [
              -69.83402209714144,
              -34.086255804896226
            ],
            [
              -69.83713414245831,
              -34.08771517464753
            ],
            [
              -69.83707577172778,
              -34.09055378086265
            ],
            [
              -69.83961707602215,
              -34.092457292005086
            ],
            [
              -69.8422188342402,
              -34.09582653368921
            ],
            [
              -69.8452787602026,
              -34.09709440778258
            ],
            [
              -69.85312458211371,
              -34.09922964189344
            ],
            [
              -69.85601730105904,
              -34.10064786265915
            ],
            [
              -69.85776016116931,
              -34.1026435796305
            ],
            [
              -69.8601312095645,
              -34.10404428712801
            ],
            [
              -69.85796146284468,
              -34.10923007821818
            ],
            [
              -69.85761352108064,
              -34.11220065352853
            ],
            [
              -69.85621775831805,
              -34.113546780376076
            ],
            [
              -69.8576560545127,
              -34.115736848126254
            ],
            [
              -69.8601700590056,
              -34.11681488329259
            ],
            [
              -69.8618083372505,
              -34.119359962316814
            ],
            [
              -69.8640284704746,
              -34.12169524677013
            ],
            [
              -69.87005689366642,
              -34.12410455783047
            ],
            [
              -69.87082895792388,
              -34.12491130348356
            ],
            [
              -69.87189236289596,
              -34.13003918379325
            ],
            [
              -69.87305754878638,
              -34.13210060209172
            ],
            [
              -69.87294742880727,
              -34.13391945359159
            ],
            [
              -69.8706437316005,
              -34.135290809811956
            ],
            [
              -69.87008339127236,
              -34.13684319555091
            ],
            [
              -69.86995859102487,
              -34.14092226159375
            ],
            [
              -69.86896228571294,
              -34.14145757423123
            ],
            [
              -69.86564741697458,
              -34.14188446324411
            ],
            [
              -69.86488720059741,
              -34.14069711333123
            ],
            [
              -69.8634309704364,
              -34.14052579260502
            ],
            [
              -69.86011876160963,
              -34.14261019942987
            ],
            [
              -69.85667919503172,
              -34.14547754894996
            ],
            [
              -69.85565689696703,
              -34.14731848720209
            ],
            [
              -69.8536973721934,
              -34.14770447601519
            ],
            [
              -69.85037770914636,
              -34.14975303488181
            ],
            [
              -69.84544057912463,
              -34.15320126854881
            ],
            [
              -69.84062862484615,
              -34.15560100339749
            ],
            [
              -69.83830590940649,
              -34.15806491545986
            ],
            [
              -69.83653786772217,
              -34.158526157472835
            ],
            [
              -69.8345548906314,
              -34.161287997350485
            ],
            [
              -69.83496609894428,
              -34.16310186252723
            ],
            [
              -69.83451573306816,
              -34.16555465027292
            ],
            [
              -69.83246322188282,
              -34.16742204301351
            ],
            [
              -69.82965596865363,
              -34.168276021711144
            ],
            [
              -69.82796753926306,
              -34.168051606376814
            ],
            [
              -69.82547633221544,
              -34.1698147922742
            ],
            [
              -69.82335500558777,
              -34.17083267655616
            ],
            [
              -69.82248804869359,
              -34.17258341635689
            ],
            [
              -69.81577022062349,
              -34.177026516950626
            ],
            [
              -69.81379893061455,
              -34.179842539315686
            ],
            [
              -69.81337524200744,
              -34.18139590090978
            ],
            [
              -69.81162825593506,
              -34.18477061907819
            ],
            [
              -69.80906367629167,
              -34.18766946393523
            ],
            [
              -69.80164137230778,
              -34.193018266726085
            ],
            [
              -69.80057441539707,
              -34.19508100405768
            ],
            [
              -69.80087184758763,
              -34.19749020736011
            ],
            [
              -69.79967123034578,
              -34.2017319511942
            ],
            [
              -69.79918203029993,
              -34.2056056742572
            ],
            [
              -69.79738392918958,
              -34.207865922920625
            ],
            [
              -69.79741466504701,
              -34.21020388259092
            ],
            [
              -69.8005234952935,
              -34.216522445677896
            ],
            [
              -69.7987246225303,
              -34.21909226343606
            ],
            [
              -69.79953839826135,
              -34.22155500484846
            ],
            [
              -69.8011088420242,
              -34.22224028963918
            ],
            [
              -69.80203683225542,
              -34.225759511905395
            ],
            [
              -69.80539187185664,
              -34.22670177895109
            ],
            [
              -69.8051206138785,
              -34.23065644289983
            ],
            [
              -69.80447815855024,
              -34.23204414507377
            ],
            [
              -69.80233664408317,
              -34.23458540805854
            ],
            [
              -69.80388646701867,
              -34.238535315010395
            ],
            [
              -69.80523918969938,
              -34.24058403154775
            ],
            [
              -69.80500124394692,
              -34.2420355020336
            ],
            [
              -69.80547016632187,
              -34.24633040819068
            ],
            [
              -69.80658580653109,
              -34.2480887412729
            ],
            [
              -69.81042063902052,
              -34.24772029058112
            ],
            [
              -69.81318575227971,
              -34.24796357981005
            ],
            [
              -69.81631044767242,
              -34.24721822386861
            ],
            [
              -69.82005105766832,
              -34.24842575367186
            ],
            [
              -69.82414379108592,
              -34.249211399081794
            ],
            [
              -69.82720087028719,
              -34.252780573145124
            ],
            [
              -69.82706229527317,
              -34.25457561271954
            ],
            [
              -69.82801212983713,
              -34.2563627139888
            ],
            [
              -69.83186117008108,
              -34.2568946472418
            ],
            [
              -69.83428395514844,
              -34.25611458725689
            ],
            [
              -69.83874325959248,
              -34.256356983512084
            ],
            [
              -69.840964283047,
              -34.257045001000655
            ],
            [
              -69.84364235404675,
              -34.256712251540336
            ],
            [
              -69.84634652020718,
              -34.25732607077393
            ],
            [
              -69.85365352542436,
              -34.256035451021255
            ],
            [
              -69.85433851328638,
              -34.25805882067319
            ],
            [
              -69.85646354187135,
              -34.26143500914494
            ],
            [
              -69.85906255663453,
              -34.26081051461085
            ],
            [
              -69.86142347742322,
              -34.26405693307893
            ],
            [
              -69.86433950046363,
              -34.263504048023776
            ],
            [
              -69.86806497564362,
              -34.2658306909922
            ],
            [
              -69.87010127133978,
              -34.26598823671242
            ],
            [
              -69.87171582867127,
              -34.26672675896555
            ],
            [
              -69.87423226131037,
              -34.267025987121684
            ],
            [
              -69.87871218658175,
              -34.266876042442284
            ],
            [
              -69.88206797627623,
              -34.26543165976732
            ],
            [
              -69.8842203343071,
              -34.263593805693624
            ],
            [
              -69.88684249955345,
              -34.265154732225675
            ],
            [
              -69.88968034041805,
              -34.264912692434734
            ],
            [
              -69.8955850512222,
              -34.26529891001676
            ],
            [
              -69.89717283965655,
              -34.26597759890377
            ],
            [
              -69.89908026214374,
              -34.26926294222644
            ],
            [
              -69.89950009518166,
              -34.27071677683591
            ],
            [
              -69.89894417905629,
              -34.27193627002087
            ],
            [
              -69.89836915037492,
              -34.27633827227955
            ],
            [
              -69.8987260914615,
              -34.28104475071796
            ],
            [
              -69.89784422163528,
              -34.28474510177906
            ],
            [
              -69.90008332637987,
              -34.28520318056364
            ],
            [
              -69.90462263927466,
              -34.28766188875585
            ],
            [
              -69.90845348593916,
              -34.29044652498886
            ],
            [
              -69.90937311465173,
              -34.29066938312955
            ],
            [
              -69.91350072605854,
              -34.29021987444359
            ],
            [
              -69.91752264079072,
              -34.28941020738739
            ],
            [
              -69.92112548964624,
              -34.2899021526696
            ],
            [
              -69.92224660059554,
              -34.289606562501554
            ],
            [
              -69.92367138163675,
              -34.28636530622539
            ],
            [
              -69.92377729480539,
              -34.284811782344185
            ],
            [
              -69.92489785508742,
              -34.28448913395689
            ],
            [
              -69.92719770391152,
              -34.2827024960072
            ],
            [
              -69.92919811820028,
              -34.282497332051875
            ],
            [
              -69.9312961793604,
              -34.28131017431248
            ],
            [
              -69.93397236299977,
              -34.28114190561752
            ],
            [
              -69.94023369419192,
              -34.27978028530598
            ],
            [
              -69.94024626791096,
              -34.27695317678815
            ],
            [
              -69.94087380222234,
              -34.27452072079134
            ],
            [
              -69.94189425514745,
              -34.27254127868168
            ],
            [
              -69.94356748684005,
              -34.2711291208172
            ],
            [
              -69.94581548400762,
              -34.27002433757555
            ],
            [
              -69.94757138675752,
              -34.26671095198391
            ],
            [
              -69.94948927371944,
              -34.26551143305264
            ],
            [
              -69.9510245178962,
              -34.263183885149054
            ],
            [
              -69.95455946130274,
              -34.25967817183716
            ],
            [
              -69.96275754407779,
              -34.2537349220363
            ],
            [
              -69.97085486821733,
              -34.24991667591861
            ],
            [
              -69.97347311860567,
              -34.24984870461908
            ],
            [
              -69.97539244107541,
              -34.251467586375796
            ],
            [
              -69.9780901618237,
              -34.25260498332952
            ],
            [
              -69.97947976483837,
              -34.25272952308737
            ],
            [
              -69.9835481206741,
              -34.25434644936285
            ],
            [
              -69.9851292229478,
              -34.25753161764406
            ],
            [
              -69.98530772268634,
              -34.259601292300005
            ],
            [
              -69.98710482666674,
              -34.261093307628414
            ],
            [
              -69.98994692464746,
              -34.260813593521114
            ],
            [
              -69.99167508203148,
              -34.26133463082123
            ],
            [
              -69.99667264621397,
              -34.260566639616016
            ],
            [
              -70.00287704128512,
              -34.261626308288875
            ],
            [
              -70.00418960118778,
              -34.262103214899035
            ],
            [
              -70.00611729595597,
              -34.265559478281844
            ],
            [
              -70.00855862314911,
              -34.2653167729778
            ],
            [
              -70.01128976841247,
              -34.2662718890896
            ],
            [
              -70.01273172164865,
              -34.26877032307095
            ],
            [
              -70.01374418226266,
              -34.27232880607472
            ],
            [
              -70.01528607307421,
              -34.274805825313685
            ],
            [
              -70.01642821538096,
              -34.27557677079757
            ],
            [
              -70.0196290672485,
              -34.2761606902949
            ],
            [
              -70.01957967158597,
              -34.27808129195986
            ],
            [
              -70.01880862601803,
              -34.280056322942755
            ],
            [
              -70.01920076309744,
              -34.28124321930109
            ],
            [
              -70.02335319226061,
              -34.282611634225525
            ],
            [
              -70.02500438378773,
              -34.28602002757329
            ],
            [
              -70.02802762165561,
              -34.287840544162
            ],
            [
              -70.03055306799028,
              -34.28855113482272
            ]
          ]
        ]
      },
      "properties": {
        "comuna": "San José de Maipo",
        "zona": "Zona Cordillera",
        "n": 10,
        "cod_comuna": 13203
      }
    },
    {
      "type": "Feature",
      "geometry": {
        "type": "Polygon",
        "coordinates": [
          [
            [
              -71.39103464242766,
              -33.76763290914353
            ],
            [
              -71.38729296074162,
              -33.76783470136474
            ],
            [
              -71.3831064288353,
              -33.765393849178444
            ],
            [
              -71.37968434077791,
              -33.76595134009957
            ],
            [
              -71.37559139176464,
              -33.765805098228746
            ],
            [
              -71.3737786103859,
              -33.763992317259536
            ],
            [
              -71.36886711828237,
              -33.76286818402283
            ],
            [
              -71.36826933078329,
              -33.76161826406944
            ],
            [
              -71.36500866998244,
              -33.760477032377224
            ],
            [
              -71.36240039718196,
              -33.75834881510924
            ],
            [
              -71.36211281771341,
              -33.75753439541618
            ],
            [
              -71.36212842055161,
              -33.75585776446651
            ],
            [
              -71.35936403223282,
              -33.75196185129887
            ],
            [
              -71.35907178691471,
              -33.74675039269679
            ],
            [
              -71.36219238958299,
              -33.746917580148555
            ],
            [
              -71.36439617346889,
              -33.745844335865755
            ],
            [
              -71.36745715944333,
              -33.746031161076715
            ],
            [
              -71.36829088855347,
              -33.744296843669055
            ],
            [
              -71.37010766114702,
              -33.74411468102136
            ],
            [
              -71.37124721091585,
              -33.742816459549395
            ],
            [
              -71.37298292133478,
              -33.74396133477216
            ],
            [
              -71.37516696743731,
              -33.74431203632177
            ],
            [
              -71.38057226255418,
              -33.74214595847755
            ],
            [
              -71.38573425256963,
              -33.739689794664365
            ],
            [
              -71.38965013914883,
              -33.73892674799717
            ],
            [
              -71.39217294263992,
              -33.73666867842101
            ],
            [
              -71.3915844446192,
              -33.73452008367678
            ],
            [
              -71.39015471206413,
              -33.73275583144266
            ],
            [
              -71.39040216289062,
              -33.72897088681008
            ],
            [
              -71.39270618798247,
              -33.72730616610531
            ],
            [
              -71.39428761275134,
              -33.727128293956994
            ],
            [
              -71.39569705056752,
              -33.72498991355018
            ],
            [
              -71.39557283332665,
              -33.7226358519644
            ],
            [
              -71.39683603260109,
              -33.72052496713627
            ],
            [
              -71.39902221669396,
              -33.71886242431851
            ],
            [
              -71.40090658751264,
              -33.71902211051683
            ],
            [
              -71.40352694804359,
              -33.718185602298014
            ],
            [
              -71.40550804585878,
              -33.71549606044203
            ],
            [
              -71.4068351548758,
              -33.714635634166214
            ],
            [
              -71.4105244962218,
              -33.71421997315519
            ],
            [
              -71.41433192740011,
              -33.710684584584776
            ],
            [
              -71.41896274538469,
              -33.708237400133235
            ],
            [
              -71.42061341499064,
              -33.708450560797864
            ],
            [
              -71.4200079316245,
              -33.70571332353102
            ],
            [
              -71.42185707590762,
              -33.70253509191392
            ],
            [
              -71.4220602344007,
              -33.701401992227375
            ],
            [
              -71.42413900963001,
              -33.70013384916704
            ],
            [
              -71.42456699128589,
              -33.697597183273466
            ],
            [
              -71.42381654049416,
              -33.693880826310185
            ],
            [
              -71.42204494956616,
              -33.68935001008395
            ],
            [
              -71.4206728690894,
              -33.688591473815315
            ],
            [
              -71.42141500507485,
              -33.68678505244567
            ],
            [
              -71.42702882252537,
              -33.685938459198596
            ],
            [
              -71.43277932134133,
              -33.685776195468804
            ],
            [
              -71.43523195473064,
              -33.685286020071615
            ],
            [
              -71.43714247550724,
              -33.68431554350403
            ],
            [
              -71.43791978053605,
              -33.68272925493557
            ],
            [
              -71.43764810484132,
              -33.679347282950594
            ],
            [
              -71.4350091096581,
              -33.67738655476381
            ],
            [
              -71.43367199071389,
              -33.67473736656818
            ],
            [
              -71.43394388290262,
              -33.671884591620156
            ],
            [
              -71.43108901716676,
              -33.66850434925213
            ],
            [
              -71.43092129541499,
              -33.66462934818835
            ],
            [
              -71.43053194670624,
              -33.663311496147074
            ],
            [
              -71.42692995214857,
              -33.66048583966873
            ],
            [
              -71.42224553438594,
              -33.66092144972165
            ],
            [
              -71.42011402894776,
              -33.660275942638684
            ],
            [
              -71.41870956330669,
              -33.658339765444694
            ],
            [
              -71.41331698294434,
              -33.658641543683366
            ],
            [
              -71.41046377010859,
              -33.65948276272272
            ],
            [
              -71.40531822195778,
              -33.66233218515266
            ],
            [
              -71.40159698413098,
              -33.66363194280175
            ],
            [
              -71.39977244739845,
              -33.66347099998669
            ],
            [
              -71.39849105274794,
              -33.66172851667827
            ],
            [
              -71.39897146457537,
              -33.66000093946651
            ],
            [
              -71.39821567599422,
              -33.658150156328695
            ],
            [
              -71.3958837878572,
              -33.656624353124975
            ],
            [
              -71.39622378222593,
              -33.65406494046346
            ],
            [
              -71.39544783814476,
              -33.64936699564692
            ],
            [
              -71.39651508431301,
              -33.645517068956536
            ],
            [
              -71.39549479757623,
              -33.642591230255654
            ],
            [
              -71.39428347690777,
              -33.64124013004498
            ],
            [
              -71.39149370758899,
              -33.64011582376574
            ],
            [
              -71.3872387644822,
              -33.639069031022906
            ],
            [
              -71.38461337787724,
              -33.635388629453175
            ],
            [
              -71.38307335286655,
              -33.634878251216435
            ],
            [
              -71.38221023716852,
              -33.633373027066774
            ],
            [
              -71.38227624986716,
              -33.631506135648614
            ],
            [
              -71.38378690356134,
              -33.628826008444385
            ],
            [
              -71.3841750655956,
              -33.62587295732216
            ],
            [
              -71.38227838156935,
              -33.62306204891613
            ],
            [
              -71.37907885112358,
              -33.621945412066765
            ],
            [
              -71.37689800661674,
              -33.621594562543855
            ],
            [
              -71.3736721348719,
              -33.62165662203668
            ],
            [
              -71.36920568073654,
              -33.62355874329827
            ],
            [
              -71.36666619373399,
              -33.62296914033086
            ],
            [
              -71.36181141047773,
              -33.62355296109258
            ],
            [
              -71.35963592981145,
              -33.62339810555009
            ],
            [
              -71.35714565341848,
              -33.622463828226195
            ],
            [
              -71.35446228415518,
              -33.62089485125492
            ],
            [
              -71.35375573672634,
              -33.61864993735788
            ],
            [
              -71.3526240031988,
              -33.6180333007375
            ],
            [
              -71.34879710822324,
              -33.61756598052868
            ],
            [
              -71.34811470661091,
              -33.61620434670061
            ],
            [
              -71.34662449318272,
              -33.61534886581995
            ],
            [
              -71.34599284099406,
              -33.613691687697994
            ],
            [
              -71.34449073297318,
              -33.612394701179156
            ],
            [
              -71.33994850594361,
              -33.61149880987013
            ],
            [
              -71.33853992422192,
              -33.6093162724791
            ],
            [
              -71.33590660728963,
              -33.60740223661368
            ],
            [
              -71.3357191809921,
              -33.60480377817807
            ],
            [
              -71.3360409997477,
              -33.60150839626081
            ],
            [
              -71.33415038653612,
              -33.59884393267893
            ],
            [
              -71.33344977337804,
              -33.596795096252485
            ],
            [
              -71.33192049760804,
              -33.59446746312225
            ],
            [
              -71.33174216944772,
              -33.587843082824946
            ],
            [
              -71.33203319305704,
              -33.585579203392804
            ],
            [
              -71.32954314753111,
              -33.58459513196098
            ],
            [
              -71.32906334565976,
              -33.5835356504441
            ],
            [
              -71.32448971262954,
              -33.58601200810182
            ],
            [
              -71.32132958139383,
              -33.58721647727346
            ],
            [
              -71.31577097529896,
              -33.588275007369546
            ],
            [
              -71.3108945156949,
              -33.58712566506106
            ],
            [
              -71.30915710476512,
              -33.58610842734933
            ],
            [
              -71.30704379649967,
              -33.585956997828234
            ],
            [
              -71.30484559923649,
              -33.58475742479405
            ],
            [
              -71.2998845039596,
              -33.58685372250317
            ],
            [
              -71.29873726191698,
              -33.58873585021873
            ],
            [
              -71.29423057044342,
              -33.58862866402149
            ],
            [
              -71.29164627277956,
              -33.587913182734965
            ],
            [
              -71.28881219046609,
              -33.58853826188119
            ],
            [
              -71.28647762085795,
              -33.586482053441316
            ],
            [
              -71.28301219537629,
              -33.58478069423783
            ],
            [
              -71.28049804086476,
              -33.58239366293285
            ],
            [
              -71.27826460718457,
              -33.58200529472374
            ],
            [
              -71.2757187304654,
              -33.580573083302696
            ],
            [
              -71.27225053008783,
              -33.580923144070205
            ],
            [
              -71.26963461711584,
              -33.58227046176544
            ],
            [
              -71.2671797594979,
              -33.58268303500935
            ],
            [
              -71.26280050213224,
              -33.58220886635442
            ],
            [
              -71.26177818160966,
              -33.58246179080389
            ],
            [
              -71.25233318242302,
              -33.582752469315565
            ],
            [
              -71.2511186907016,
              -33.58149005390029
            ],
            [
              -71.25242778670054,
              -33.58008715020343
            ],
            [
              -71.25328022502309,
              -33.57702363090918
            ],
            [
              -71.25186207444699,
              -33.57509312068176
            ],
            [
              -71.24791709592732,
              -33.574640051678266
            ],
            [
              -71.24636392317412,
              -33.57409565665298
            ],
            [
              -71.2442001529459,
              -33.574182720868976
            ],
            [
              -71.24307938964459,
              -33.572723881823954
            ],
            [
              -71.2448755827333,
              -33.569446739638366
            ],
            [
              -71.24472088206159,
              -33.56787494540921
            ],
            [
              -71.24343297911685,
              -33.566562291336126
            ],
            [
              -71.24099561439242,
              -33.56708363780364
            ],
            [
              -71.23859762103027,
              -33.5691310375896
            ],
            [
              -71.23600929621898,
              -33.56822356740935
            ],
            [
              -71.23418293949968,
              -33.565918548819305
            ],
            [
              -71.23420019523797,
              -33.56508835070339
            ],
            [
              -71.23776120685574,
              -33.56348647181215
            ],
            [
              -71.23869277687336,
              -33.56178126160985
            ],
            [
              -71.23605877362819,
              -33.56130407147153
            ],
            [
              -71.23316573398434,
              -33.56183349667206
            ],
            [
              -71.23085595248813,
              -33.56287715903374
            ],
            [
              -71.22916463052235,
              -33.56138075107828
            ],
            [
              -71.22831108996692,
              -33.55954038055409
            ],
            [
              -71.22668378104996,
              -33.557990042507924
            ],
            [
              -71.22288377354917,
              -33.55648375215773
            ],
            [
              -71.22159758908155,
              -33.55521854354723
            ],
            [
              -71.22125248509549,
              -33.55064412395754
            ],
            [
              -71.21854616926659,
              -33.54954758918316
            ],
            [
              -71.21789674391002,
              -33.55089518241
            ],
            [
              -71.21599058625075,
              -33.55212220403222
            ],
            [
              -71.21448757721967,
              -33.55129026070845
            ],
            [
              -71.21438322532302,
              -33.54943120265135
            ],
            [
              -71.21655466985871,
              -33.54743604304429
            ],
            [
              -71.21655559063186,
              -33.54524115015199
            ],
            [
              -71.21573865552595,
              -33.54449229127838
            ],
            [
              -71.2104597848106,
              -33.543059930781325
            ],
            [
              -71.20915176589168,
              -33.541469218791455
            ],
            [
              -71.20295253074353,
              -33.54362309707035
            ],
            [
              -71.20010344836146,
              -33.5458687364581
            ],
            [
              -71.19636717004187,
              -33.5468416708887
            ],
            [
              -71.19080083933387,
              -33.547560668498726
            ],
            [
              -71.18472068665642,
              -33.55277363755391
            ],
            [
              -71.18014387089514,
              -33.55433347341341
            ],
            [
              -71.1732439920462,
              -33.55416860426309
            ],
            [
              -71.17038143493485,
              -33.553646220836534
            ],
            [
              -71.16649021339842,
              -33.55528904276289
            ],
            [
              -71.16382235354851,
              -33.55571746951067
            ],
            [
              -71.16004599240094,
              -33.55511538519837
            ],
            [
              -71.15757631976733,
              -33.5543473274085
            ],
            [
              -71.15319124311523,
              -33.55447142185406
            ],
            [
              -71.15082121340957,
              -33.55312886880355
            ],
            [
              -71.15025420848032,
              -33.550943809567464
            ],
            [
              -71.14693023531656,
              -33.55019037340988
            ],
            [
              -71.14028212819062,
              -33.55097351604343
            ],
            [
              -71.13813219830598,
              -33.549292946696376
            ],
            [
              -71.13500382880375,
              -33.54953775623837
            ],
            [
              -71.13173590063225,
              -33.548735222009064
            ],
            [
              -71.1278730011801,
              -33.548454738187445
            ],
            [
              -71.12561906884343,
              -33.54949557054165
            ],
            [
              -71.12170726959879,
              -33.55032605255021
            ],
            [
              -71.11580371133314,
              -33.554728786775684
            ],
            [
              -71.11354484005903,
              -33.553410567450214
            ],
            [
              -71.11207702432583,
              -33.55159821735965
            ],
            [
              -71.11023653351384,
              -33.54851257538829
            ],
            [
              -71.10727500002452,
              -33.5478381612587
            ],
            [
              -71.1050236575308,
              -33.548857599581794
            ],
            [
              -71.10101045286362,
              -33.55003316262268
            ],
            [
              -71.09596677456436,
              -33.5507120732501
            ],
            [
              -71.09316939112519,
              -33.55279990192498
            ],
            [
              -71.09098572051847,
              -33.55325351224883
            ],
            [
              -71.0868398679215,
              -33.55080196849036
            ],
            [
              -71.08263134974861,
              -33.55075430102607
            ],
            [
              -71.07829223809297,
              -33.549328139959
            ],
            [
              -71.07650870047,
              -33.54985728594405
            ],
            [
              -71.0749220915236,
              -33.55160911614114
            ],
            [
              -71.07239093370038,
              -33.55215952752251
            ],
            [
              -71.07080618516495,
              -33.55431231211661
            ],
            [
              -71.06690796844741,
              -33.55588692991482
            ],
            [
              -71.06355413977518,
              -33.55578023967681
            ],
            [
              -71.05917994441613,
              -33.55605986352259
            ],
            [
              -71.05413742404524,
              -33.55451579857862
            ],
            [
              -71.0525297415206,
              -33.55459063661871
            ],
            [
              -71.04857779117602,
              -33.553311022828815
            ],
            [
              -71.04741298347633,
              -33.553571114717926
            ],
            [
              -71.04623701870084,
              -33.55516894185374
            ],
            [
              -71.04276890006996,
              -33.55475575949379
            ],
            [
              -71.03931030717435,
              -33.553095028370954
            ],
            [
              -71.03569564996444,
              -33.55094013518711
            ],
            [
              -71.03401215681635,
              -33.550748641958734
            ],
            [
              -71.03152124172121,
              -33.55145763658083
            ],
            [
              -71.02994077725135,
              -33.5496702770488
            ],
            [
              -71.02518647594951,
              -33.548554125942466
            ],
            [
              -71.02125833904479,
              -33.54544309319829
            ],
            [
              -71.01952201327988,
              -33.545212151473606
            ],
            [
              -71.01697015018766,
              -33.54329744975113
            ],
            [
              -71.01501453937371,
              -33.54251805454248
            ],
            [
              -71.01344427257897,
              -33.540167265056816
            ],
            [
              -71.01181310629616,
              -33.539611685789666
            ],
            [
              -71.0100910179302,
              -33.53986762668035
            ],
            [
              -71.00747413208278,
              -33.53925264472331
            ],
            [
              -71.003262323381,
              -33.53946403976593
            ],
            [
              -70.99761446247614,
              -33.53917354871638
            ],
            [
              -70.99173981199635,
              -33.54141556828833
            ],
            [
              -70.98912478566155,
              -33.54417747582584
            ],
            [
              -70.98892760994826,
              -33.54551674866713
            ],
            [
              -70.98752313083247,
              -33.54639820759672
            ],
            [
              -70.98423541277526,
              -33.54716669317751
            ],
            [
              -70.98161176620701,
              -33.547065565380464
            ],
            [
              -70.97919951029309,
              -33.5462452626948
            ],
            [
              -70.97428307206562,
              -33.54556032139747
            ],
            [
              -70.97026555458675,
              -33.5468172861568
            ],
            [
              -70.96570815501202,
              -33.54688974929432
            ],
            [
              -70.96327692667928,
              -33.54773951836448
            ],
            [
              -70.96093911235636,
              -33.547681137104874
            ],
            [
              -70.95460622675854,
              -33.55002035531002
            ],
            [
              -70.95254431829702,
              -33.55196536134903
            ],
            [
              -70.95161652210192,
              -33.553793245974724
            ],
            [
              -70.94926657782767,
              -33.55573897407512
            ],
            [
              -70.94894597000108,
              -33.55922743598489
            ],
            [
              -70.94843244357733,
              -33.56064935019657
            ],
            [
              -70.94878012482995,
              -33.56452670911841
            ],
            [
              -70.94814990814912,
              -33.566922534057944
            ],
            [
              -70.94630055096529,
              -33.56833547130068
            ],
            [
              -70.94330902632187,
              -33.572199874933204
            ],
            [
              -70.93903694335948,
              -33.57489140786642
            ],
            [
              -70.93635912478632,
              -33.57751006024673
            ],
            [
              -70.93633943012205,
              -33.579180530129705
            ],
            [
              -70.93732035897126,
              -33.582258912021175
            ],
            [
              -70.93570194876551,
              -33.58381914850647
            ],
            [
              -70.93536930081916,
              -33.588115029747776
            ],
            [
              -70.93636085943314,
              -33.59034616396667
            ],
            [
              -70.93669597774651,
              -33.59258365333146
            ],
            [
              -70.93907024929695,
              -33.59421661291851
            ],
            [
              -70.94194587689566,
              -33.59531665027532
            ],
            [
              -70.94583020745557,
              -33.59816642335063
            ],
            [
              -70.95018166825142,
              -33.59895678603467
            ],
            [
              -70.95229283133996,
              -33.601547895901575
            ],
            [
              -70.95447943674273,
              -33.60494902455065
            ],
            [
              -70.9547958009279,
              -33.606327848093024
            ],
            [
              -70.95452373087274,
              -33.60943376633304
            ],
            [
              -70.95615989358515,
              -33.61370245220989
            ],
            [
              -70.95783374152204,
              -33.614582576866006
            ],
            [
              -70.95891292091052,
              -33.61690364273956
            ],
            [
              -70.96094725199114,
              -33.618589258871005
            ],
            [
              -70.96474746700278,
              -33.622680311094236
            ],
            [
              -70.96785886193938,
              -33.624062290393574
            ],
            [
              -70.9695693332921,
              -33.62403512689843
            ],
            [
              -70.97228661216073,
              -33.62313284353777
            ],
            [
              -70.97459397539217,
              -33.621511862363604
            ],
            [
              -70.97562709366446,
              -33.61954850344248
            ],
            [
              -70.97764587131425,
              -33.6180369745062
            ],
            [
              -70.98320250381043,
              -33.616611880141974
            ],
            [
              -70.98765058380496,
              -33.61658817642139
            ],
            [
              -70.99015976883636,
              -33.61492547649028
            ],
            [
              -70.99477037382876,
              -33.61370597354933
            ],
            [
              -70.99780504725018,
              -33.6142295473198
            ],
            [
              -70.99919312582384,
              -33.61506599879531
            ],
            [
              -71.00216101219887,
              -33.61516113699371
            ],
            [
              -71.00271378871233,
              -33.61687003228325
            ],
            [
              -71.00571700852242,
              -33.619508073986125
            ],
            [
              -71.01013813816013,
              -33.62467054129579
            ],
            [
              -71.01147289363682,
              -33.62565080139138
            ],
            [
              -71.01415938274909,
              -33.626466757620484
            ],
            [
              -71.01567739095049,
              -33.627395600039556
            ],
            [
              -71.01866341790436,
              -33.62825347828058
            ],
            [
              -71.02378950405455,
              -33.62793106884497
            ],
            [
              -71.02776401468917,
              -33.62715021994968
            ],
            [
              -71.03055460596647,
              -33.62939480916081
            ],
            [
              -71.03206197272502,
              -33.63285334821031
            ],
            [
              -71.03237404296314,
              -33.63642688841173
            ],
            [
              -71.03350587979695,
              -33.64089368628707
            ],
            [
              -71.03603155879526,
              -33.64293802390913
            ],
            [
              -71.04050668167312,
              -33.639443716223845
            ],
            [
              -71.0424794556989,
              -33.63847521139971
            ],
            [
              -71.04826246993488,
              -33.636561009453686
            ],
            [
              -71.05142482270429,
              -33.636680163163675
            ],
            [
              -71.05436213851189,
              -33.6378057468371
            ],
            [
              -71.05962819386141,
              -33.63797849757062
            ],
            [
              -71.06070206959646,
              -33.63712204072531
            ],
            [
              -71.06131187745237,
              -33.634795718607904
            ],
            [
              -71.0626052349675,
              -33.632472836273365
            ],
            [
              -71.0650349747918,
              -33.632567671034515
            ],
            [
              -71.06947375542651,
              -33.630959187729694
            ],
            [
              -71.07164567966258,
              -33.62929836276747
            ],
            [
              -71.07362017665707,
              -33.62840793913867
            ],
            [
              -71.0795278959191,
              -33.62771730912101
            ],
            [
              -71.08318662268024,
              -33.62772566187252
            ],
            [
              -71.08693795856063,
              -33.631485002998694
            ],
            [
              -71.09001097297673,
              -33.63319077950465
            ],
            [
              -71.09789178157321,
              -33.63418487656894
            ],
            [
              -71.09859140748279,
              -33.63914705352271
            ],
            [
              -71.10053440145859,
              -33.65040904708723
            ],
            [
              -71.10574959509505,
              -33.68542491090927
            ],
            [
              -71.11416772648717,
              -33.683279748951854
            ],
            [
              -71.11324507135042,
              -33.68464693963111
            ],
            [
              -71.10082449620992,
              -33.692588679414335
            ],
            [
              -71.10089300442843,
              -33.69540267629643
            ],
            [
              -71.1023485339035,
              -33.69890883959786
            ],
            [
              -71.10216386543391,
              -33.70121332106166
            ],
            [
              -71.10269289588113,
              -33.705426642482905
            ],
            [
              -71.10030121587883,
              -33.708598876284306
            ],
            [
              -71.09773980908501,
              -33.70953894628455
            ],
            [
              -71.09566748016618,
              -33.710951983675116
            ],
            [
              -71.09719162206436,
              -33.71577822680053
            ],
            [
              -71.09968880829848,
              -33.71685745650061
            ],
            [
              -71.10287098239465,
              -33.71771045871839
            ],
            [
              -71.1066008108105,
              -33.71970251915849
            ],
            [
              -71.10815240432544,
              -33.72227910691615
            ],
            [
              -71.10967381085356,
              -33.723557090981046
            ],
            [
              -71.11359220103746,
              -33.7253521746478
            ],
            [
              -71.1193184552222,
              -33.72960046464236
            ],
            [
              -71.12035181693794,
              -33.73124198568594
            ],
            [
              -71.12056408794125,
              -33.7336634556615
            ],
            [
              -71.1202175098198,
              -33.73820046310265
            ],
            [
              -71.11926566213127,
              -33.739876076758826
            ],
            [
              -71.1153950093199,
              -33.740899718670256
            ],
            [
              -71.11164597492326,
              -33.74377196458668
            ],
            [
              -71.1079120726476,
              -33.74415490103267
            ],
            [
              -71.10426237665001,
              -33.744855320347654
            ],
            [
              -71.09978979690273,
              -33.74627174121318
            ],
            [
              -71.09195999285146,
              -33.74787252933607
            ],
            [
              -71.08984655343195,
              -33.74892940164933
            ],
            [
              -71.08624439448259,
              -33.75160694606469
            ],
            [
              -71.08197469834391,
              -33.75512525581794
            ],
            [
              -71.07833960176634,
              -33.75646288604207
            ],
            [
              -71.07612940211264,
              -33.75669155804713
            ],
            [
              -71.07235181745965,
              -33.75528724287639
            ],
            [
              -71.06861266992104,
              -33.75547762728222
            ],
            [
              -71.06630311839355,
              -33.754750539231864
            ],
            [
              -71.06501844758719,
              -33.75375090184959
            ],
            [
              -71.06325428482826,
              -33.75346130404091
            ],
            [
              -71.06104868544715,
              -33.75388101806302
            ],
            [
              -71.05583719736124,
              -33.7532021673299
            ],
            [
              -71.05409133328465,
              -33.75367799273683
            ],
            [
              -71.0501856767199,
              -33.753296266955424
            ],
            [
              -71.04822894930005,
              -33.754541300410445
            ],
            [
              -71.04129404154492,
              -33.755294361349385
            ],
            [
              -71.03903313379006,
              -33.75660810421819
            ],
            [
              -71.03793730233117,
              -33.75873232874832
            ],
            [
              -71.03532903941215,
              -33.76151957315813
            ],
            [
              -71.03412500947054,
              -33.762305217564816
            ],
            [
              -71.0283958231847,
              -33.76399501171376
            ],
            [
              -71.0258094198698,
              -33.764484333050824
            ],
            [
              -71.02453196163687,
              -33.76539873615735
            ],
            [
              -71.02177918494145,
              -33.76857100695858
            ],
            [
              -71.01930632778016,
              -33.770653737267665
            ],
            [
              -71.01582687151208,
              -33.77217847359902
            ],
            [
              -71.00895176011385,
              -33.772290622456644
            ],
            [
              -71.00597696928754,
              -33.77253049493447
            ],
            [
              -70.99713440907651,
              -33.7784177471978
            ],
            [
              -70.99591053984186,
              -33.77837373298034
            ],
            [
              -70.99394297334977,
              -33.77591655359594
            ],
            [
              -70.99202722078498,
              -33.775692215198035
            ],
            [
              -70.98769633949398,
              -33.77678323258212
            ],
            [
              -70.98321540541454,
              -33.77468546027299
            ],
            [
              -70.98258006204838,
              -33.776893708058715
            ],
            [
              -70.98114289054445,
              -33.779685616799284
            ],
            [
              -70.98138466940824,
              -33.782032750221305
            ],
            [
              -70.980997285315,
              -33.78423316466508
            ],
            [
              -70.98194885093253,
              -33.787509167374786
            ],
            [
              -70.9812487507125,
              -33.78971467982588
            ],
            [
              -70.98210887771556,
              -33.7944549633929
            ],
            [
              -70.98189849317434,
              -33.79618236089261
            ],
            [
              -70.980714291746,
              -33.79949111777638
            ],
            [
              -70.98308060691797,
              -33.80120517266238
            ],
            [
              -70.98376755041237,
              -33.80435864451431
            ],
            [
              -70.98351481210211,
              -33.80797258218492
            ],
            [
              -70.98465386330597,
              -33.81211850371848
            ],
            [
              -70.98498781919936,
              -33.81567948482337
            ],
            [
              -70.98661337819816,
              -33.81894922697461
            ],
            [
              -70.98649925173288,
              -33.82081054779903
            ],
            [
              -70.98733425465409,
              -33.82257679422215
            ],
            [
              -70.98660492774628,
              -33.8256886451445
            ],
            [
              -70.98793820459602,
              -33.82928225360221
            ],
            [
              -70.98759401689155,
              -33.83309141379331
            ],
            [
              -70.98889643481463,
              -33.83557120487828
            ],
            [
              -70.98841491895773,
              -33.836947599112555
            ],
            [
              -70.98641902229654,
              -33.83901794533585
            ],
            [
              -70.98340073773913,
              -33.840681086871534
            ],
            [
              -70.98120882688633,
              -33.84116819191278
            ],
            [
              -70.98005891954224,
              -33.84433381718713
            ],
            [
              -70.98123212199826,
              -33.847782545394814
            ],
            [
              -70.98101018961405,
              -33.84896016994639
            ],
            [
              -70.97959896415048,
              -33.85058548674484
            ],
            [
              -70.97946323230431,
              -33.85169383915768
            ],
            [
              -70.98098428938779,
              -33.853068010918335
            ],
            [
              -70.98185711048414,
              -33.85581316238209
            ],
            [
              -70.98096544991965,
              -33.85703649483344
            ],
            [
              -70.98023895629824,
              -33.86007623676968
            ],
            [
              -70.97864406578324,
              -33.86204244001617
            ],
            [
              -70.97861680640595,
              -33.86440679543362
            ],
            [
              -70.97933550624396,
              -33.86686753209587
            ],
            [
              -70.97716262170884,
              -33.870486264690385
            ],
            [
              -70.9768576032457,
              -33.87521123380547
            ],
            [
              -70.97763722862291,
              -33.878160592880846
            ],
            [
              -70.9774849192665,
              -33.87961970869377
            ],
            [
              -70.97593707801451,
              -33.8823533487438
            ],
            [
              -70.97623276747342,
              -33.88493995539053
            ],
            [
              -70.97573091016523,
              -33.89028464539447
            ],
            [
              -70.97477335008979,
              -33.89289785064226
            ],
            [
              -70.97527342154721,
              -33.89646428132565
            ],
            [
              -70.97443195434923,
              -33.89838739836184
            ],
            [
              -70.9749247296899,
              -33.90209325836107
            ],
            [
              -70.97409417342935,
              -33.90554857706738
            ],
            [
              -70.97215962541385,
              -33.9093821991154
            ],
            [
              -70.96898808826897,
              -33.91290036996904
            ],
            [
              -70.96803916369838,
              -33.915306556932265
            ],
            [
              -70.96625075720657,
              -33.91782032819312
            ],
            [
              -70.9700533231093,
              -33.917958537272575
            ],
            [
              -70.97301812736457,
              -33.917438456627934
            ],
            [
              -70.9752171681458,
              -33.91661392297261
            ],
            [
              -70.97784112912441,
              -33.9148976697507
            ],
            [
              -70.98067334204376,
              -33.91226914914396
            ],
            [
              -70.98415868856516,
              -33.90813918018903
            ],
            [
              -70.99007246606547,
              -33.902394307232704
            ],
            [
              -70.99258153521419,
              -33.89955224590969
            ],
            [
              -70.99767821860681,
              -33.895240041257885
            ],
            [
              -71.00143947727781,
              -33.89364135380083
            ],
            [
              -71.00316545355233,
              -33.89371545008402
            ],
            [
              -71.00603280946392,
              -33.892457063219936
            ],
            [
              -71.01015380298203,
              -33.891883437530325
            ],
            [
              -71.01624886499826,
              -33.8900446087058
            ],
            [
              -71.01945393894765,
              -33.89012579598359
            ],
            [
              -71.02370809872349,
              -33.891741163200535
            ],
            [
              -71.02706840874049,
              -33.89464743637486
            ],
            [
              -71.02940985854539,
              -33.89796234303881
            ],
            [
              -71.03178787966385,
              -33.899196885771154
            ],
            [
              -71.03495441858246,
              -33.89933052160204
            ],
            [
              -71.04108980058191,
              -33.899203791700955
            ],
            [
              -71.04372792260266,
              -33.897725331366615
            ],
            [
              -71.04748691392592,
              -33.89645406824412
            ],
            [
              -71.05334563727573,
              -33.89549775168566
            ],
            [
              -71.05618622968004,
              -33.893574968415656
            ],
            [
              -71.0578197971596,
              -33.893208342361795
            ],
            [
              -71.06092230057152,
              -33.893762754482445
            ],
            [
              -71.06371765112318,
              -33.89276196322855
            ],
            [
              -71.06698741814607,
              -33.89105991614605
            ],
            [
              -71.06932036000693,
              -33.890697501400744
            ],
            [
              -71.07423515431742,
              -33.893728785603656
            ],
            [
              -71.07538591236606,
              -33.89325645236691
            ],
            [
              -71.08007903031222,
              -33.893014104250426
            ],
            [
              -71.08492039363647,
              -33.89400166370082
            ],
            [
              -71.08636958998878,
              -33.896070766241635
            ],
            [
              -71.08883003782275,
              -33.903776587405545
            ],
            [
              -71.08864318195545,
              -33.907816503235445
            ],
            [
              -71.0896521598011,
              -33.91095277099139
            ],
            [
              -71.09103072252096,
              -33.91674544717679
            ],
            [
              -71.09263534089214,
              -33.91953119189516
            ],
            [
              -71.09397973619016,
              -33.923416981502555
            ],
            [
              -71.09441007053377,
              -33.92615190398542
            ],
            [
              -71.09617691476382,
              -33.92732989244331
            ],
            [
              -71.09810584291888,
              -33.92982853161962
            ],
            [
              -71.0985040454231,
              -33.932648039677666
            ],
            [
              -71.1027636283283,
              -33.935765640425856
            ],
            [
              -71.1034943233703,
              -33.93697377105968
            ],
            [
              -71.10551456707064,
              -33.938055913731425
            ],
            [
              -71.10844252153466,
              -33.942572991985124
            ],
            [
              -71.10944666913903,
              -33.94346084718933
            ],
            [
              -71.11530403064286,
              -33.94639887172407
            ],
            [
              -71.12119530983689,
              -33.94534136090606
            ],
            [
              -71.12437125501486,
              -33.944301667952345
            ],
            [
              -71.12835066056948,
              -33.944449551037295
            ],
            [
              -71.13123144359962,
              -33.94581980835065
            ],
            [
              -71.13377709573996,
              -33.945818756111564
            ],
            [
              -71.13886890667047,
              -33.948015273128085
            ],
            [
              -71.13929868944848,
              -33.94844773634817
            ],
            [
              -71.14370345627329,
              -33.94928433408856
            ],
            [
              -71.14814142572929,
              -33.94730590272175
            ],
            [
              -71.14958641347452,
              -33.94712141812744
            ],
            [
              -71.15485992753587,
              -33.948417381077114
            ],
            [
              -71.1577264219631,
              -33.94870522476972
            ],
            [
              -71.1596482228847,
              -33.95027006784456
            ],
            [
              -71.16525290267217,
              -33.953229449461325
            ],
            [
              -71.1659153095829,
              -33.95403856266082
            ],
            [
              -71.16570815358679,
              -33.95865033244932
            ],
            [
              -71.16625092107137,
              -33.960996579534715
            ],
            [
              -71.1699616468127,
              -33.96281529323232
            ],
            [
              -71.17329455192532,
              -33.96389255359709
            ],
            [
              -71.17743629472987,
              -33.96409098645538
            ],
            [
              -71.18055377754918,
              -33.96284295294572
            ],
            [
              -71.1823463405458,
              -33.961284341933
            ],
            [
              -71.18331567663628,
              -33.95888158492742
            ],
            [
              -71.18490843994068,
              -33.958471584392456
            ],
            [
              -71.18678122428882,
              -33.96006049301064
            ],
            [
              -71.1907197897357,
              -33.96011658314936
            ],
            [
              -71.1943478417248,
              -33.96145968057816
            ],
            [
              -71.19947786429255,
              -33.96079386269488
            ],
            [
              -71.20203985049969,
              -33.95994942876409
            ],
            [
              -71.2071700105097,
              -33.960667403782196
            ],
            [
              -71.20986489976819,
              -33.958168928290156
            ],
            [
              -71.21121869234238,
              -33.95738123382716
            ],
            [
              -71.21316703129412,
              -33.95744163246847
            ],
            [
              -71.21568911164142,
              -33.95534463077237
            ],
            [
              -71.21992056200689,
              -33.9529304594765
            ],
            [
              -71.22254688196142,
              -33.95264447134538
            ],
            [
              -71.22364051973439,
              -33.95066853691093
            ],
            [
              -71.22591772203019,
              -33.94797666022044
            ],
            [
              -71.22634765033526,
              -33.94470327402615
            ],
            [
              -71.22590236712703,
              -33.94299372973179
            ],
            [
              -71.22821493160397,
              -33.93946889208677
            ],
            [
              -71.22917768214512,
              -33.93687505744205
            ],
            [
              -71.23206213748811,
              -33.93772928977319
            ],
            [
              -71.23446894062825,
              -33.937828759606724
            ],
            [
              -71.23586707584153,
              -33.938757594726525
            ],
            [
              -71.23997669129825,
              -33.93830114023445
            ],
            [
              -71.24231346896536,
              -33.935729835469715
            ],
            [
              -71.24428338814518,
              -33.934453486012295
            ],
            [
              -71.24594009622645,
              -33.93432775935566
            ],
            [
              -71.2488329121898,
              -33.93332070814946
            ],
            [
              -71.25231851562937,
              -33.930919158393934
            ],
            [
              -71.25386331249085,
              -33.93089087861409
            ],
            [
              -71.25540603334574,
              -33.928620163957994
            ],
            [
              -71.25706008780365,
              -33.928398982609295
            ],
            [
              -71.25800491695486,
              -33.92733192507718
            ],
            [
              -71.25912063262257,
              -33.924067134215825
            ],
            [
              -71.26094670547425,
              -33.92169572338305
            ],
            [
              -71.26286259278635,
              -33.92056314930095
            ],
            [
              -71.2624231342544,
              -33.91909213965698
            ],
            [
              -71.26421317568004,
              -33.917532424815434
            ],
            [
              -71.26698446845008,
              -33.91628869579512
            ],
            [
              -71.26864984437553,
              -33.914349496125844
            ],
            [
              -71.27166782260743,
              -33.9116220323311
            ],
            [
              -71.27330747168145,
              -33.91087604459095
            ],
            [
              -71.27588393962931,
              -33.91092387027715
            ],
            [
              -71.27775225396059,
              -33.91232068666325
            ],
            [
              -71.2800261495578,
              -33.91175373123396
            ],
            [
              -71.28564292695721,
              -33.91207900926669
            ],
            [
              -71.28787859744246,
              -33.91008132881477
            ],
            [
              -71.29071962732633,
              -33.90810263075272
            ],
            [
              -71.29118263070184,
              -33.9052487173297
            ],
            [
              -71.29093191539764,
              -33.902295296314286
            ],
            [
              -71.28891455169608,
              -33.897466287019164
            ],
            [
              -71.28899578814386,
              -33.89622426799393
            ],
            [
              -71.29209613470078,
              -33.892349642173635
            ],
            [
              -71.29398383198097,
              -33.8880681055922
            ],
            [
              -71.29662401383865,
              -33.88625360086754
            ],
            [
              -71.2993605238409,
              -33.88376923828927
            ],
            [
              -71.30022284363157,
              -33.88179705620629
            ],
            [
              -71.30018359264355,
              -33.87969516703713
            ],
            [
              -71.29914593518414,
              -33.87790478110129
            ],
            [
              -71.29891299125119,
              -33.875618971063325
            ],
            [
              -71.29759904075645,
              -33.87354418659062
            ],
            [
              -71.2975657114628,
              -33.87230429847138
            ],
            [
              -71.29867829111186,
              -33.87121025519601
            ],
            [
              -71.29942253274832,
              -33.86902526898454
            ],
            [
              -71.29929244950867,
              -33.86630817736138
            ],
            [
              -71.30083030688458,
              -33.86394151298952
            ],
            [
              -71.30321846459269,
              -33.86341981315729
            ],
            [
              -71.30564562625212,
              -33.86222933023436
            ],
            [
              -71.30885577119126,
              -33.86250313706998
            ],
            [
              -71.31031246667959,
              -33.86137853789376
            ],
            [
              -71.31390593083532,
              -33.86102480828282
            ],
            [
              -71.31532633977605,
              -33.86491049616862
            ],
            [
              -71.31763565324998,
              -33.86782515044582
            ],
            [
              -71.32039641596826,
              -33.868393465302596
            ],
            [
              -71.32467115704557,
              -33.86573643458248
            ],
            [
              -71.32830513791558,
              -33.86476122935568
            ],
            [
              -71.3300772408833,
              -33.86472772258988
            ],
            [
              -71.33427477445687,
              -33.865554827889284
            ],
            [
              -71.33796315550384,
              -33.8665822344211
            ],
            [
              -71.3416386807608,
              -33.867132632084925
            ],
            [
              -71.34383707295837,
              -33.86804503149768
            ],
            [
              -71.34565742174506,
              -33.869775731123525
            ],
            [
              -71.35003598650965,
              -33.870932764851446
            ],
            [
              -71.35183864118018,
              -33.87267013201979
            ],
            [
              -71.35197659635669,
              -33.874951125398596
            ],
            [
              -71.34961507369675,
              -33.878526742157575
            ],
            [
              -71.3495853592238,
              -33.87952923078626
            ],
            [
              -71.34825764923386,
              -33.88117675671355
            ],
            [
              -71.3491741554025,
              -33.8833062613762
            ],
            [
              -71.35314318272063,
              -33.886188531917846
            ],
            [
              -71.35447587566543,
              -33.88888260592672
            ],
            [
              -71.35639814460932,
              -33.89013403819487
            ],
            [
              -71.35816344822864,
              -33.891913225351495
            ],
            [
              -71.36436891858318,
              -33.89224994847928
            ],
            [
              -71.36749935241393,
              -33.890507558744275
            ],
            [
              -71.37141768151238,
              -33.890738017932115
            ],
            [
              -71.37353840986208,
              -33.88927505500628
            ],
            [
              -71.37708022627886,
              -33.885013180000826
            ],
            [
              -71.37962793376458,
              -33.884057492099835
            ],
            [
              -71.38063063957291,
              -33.88308391463031
            ],
            [
              -71.38237792747924,
              -33.88009210401611
            ],
            [
              -71.38467160128407,
              -33.878234744376044
            ],
            [
              -71.3861314651304,
              -33.87520066167276
            ],
            [
              -71.38614880351369,
              -33.873768991131215
            ],
            [
              -71.3877269197874,
              -33.87292735124517
            ],
            [
              -71.38944863625082,
              -33.87047268312955
            ],
            [
              -71.38992313446875,
              -33.86758891878829
            ],
            [
              -71.39252062479086,
              -33.86434190749517
            ],
            [
              -71.39436415011188,
              -33.85867625592258
            ],
            [
              -71.39579685698885,
              -33.85673993267258
            ],
            [
              -71.39701680058572,
              -33.85332883429162
            ],
            [
              -71.39795647071226,
              -33.852165422914226
            ],
            [
              -71.39976494556751,
              -33.84731150893474
            ],
            [
              -71.4013718438629,
              -33.84588188354412
            ],
            [
              -71.40257824984845,
              -33.84568220990516
            ],
            [
              -71.40512416789011,
              -33.842674523569805
            ],
            [
              -71.40800704758813,
              -33.8374177406062
            ],
            [
              -71.40774234192166,
              -33.83613479471699
            ],
            [
              -71.40931286563458,
              -33.83505447518166
            ],
            [
              -71.40894590743427,
              -33.83420287864549
            ],
            [
              -71.41075567047365,
              -33.8329671173793
            ],
            [
              -71.41273624187609,
              -33.83074129128086
            ],
            [
              -71.4126826286233,
              -33.828833873827705
            ],
            [
              -71.41423016354977,
              -33.82694296417391
            ],
            [
              -71.41614863351832,
              -33.826046526239665
            ],
            [
              -71.4205425316265,
              -33.82171410805461
            ],
            [
              -71.42100968881192,
              -33.820035035402825
            ],
            [
              -71.42067899829458,
              -33.81641559996671
            ],
            [
              -71.42328856466906,
              -33.81369251878714
            ],
            [
              -71.42325430472077,
              -33.81044889656356
            ],
            [
              -71.4227152517699,
              -33.80754918757045
            ],
            [
              -71.42104191677105,
              -33.80495796180805
            ],
            [
              -71.42147474034628,
              -33.80003525759752
            ],
            [
              -71.42144452910497,
              -33.79693468783818
            ],
            [
              -71.42307724677826,
              -33.79404001840605
            ],
            [
              -71.43053526328627,
              -33.79103064459387
            ],
            [
              -71.43338986940903,
              -33.788922812387554
            ],
            [
              -71.4334166984933,
              -33.788858462165024
            ],
            [
              -71.42877330409475,
              -33.78911794124636
            ],
            [
              -71.42549220572286,
              -33.78739487779303
            ],
            [
              -71.42140172348336,
              -33.78673917289019
            ],
            [
              -71.41807544973416,
              -33.78489410836193
            ],
            [
              -71.4133538381255,
              -33.78418040300325
            ],
            [
              -71.41167760066996,
              -33.78428329892777
            ],
            [
              -71.40895309395653,
              -33.78517779726193
            ],
            [
              -71.40814846038015,
              -33.78417700213088
            ],
            [
              -71.40917082851342,
              -33.780213677774384
            ],
            [
              -71.40853483836027,
              -33.777619562161675
            ],
            [
              -71.40793002334071,
              -33.776268339297566
            ],
            [
              -71.4078510713087,
              -33.77629346028551
            ],
            [
              -71.40490745831097,
              -33.77389463143223
            ],
            [
              -71.40105799765547,
              -33.77139238802942
            ],
            [
              -71.39978507613729,
              -33.76946749639028
            ],
            [
              -71.39932570091925,
              -33.768606530776204
            ],
            [
              -71.39708784205332,
              -33.76703906429156
            ],
            [
              -71.39396316434446,
              -33.766825356970344
            ],
            [
              -71.39252027265127,
              -33.76729428268518
            ],
            [
              -71.39171766567416,
              -33.767543368598496
            ],
            [
              -71.39103464242766,
              -33.76763290914353
            ]
          ]
        ]
      },
      "properties": {
        "comuna": "Melipilla",
        "zona": "Zona Melipilla",
        "n": 35,
        "cod_comuna": 13501
      }
    }
  ]
}